seed,checkpoint_epoch,checkpoint_fraction,method,sigma,component,component_label,layer_index,avg_sample_cosine,mean_estimate_cosine,sample_variance,batch_variance
0,1,0.004166666666666667,np,0.15,all,All layers,-1,0.07692723494574238,0.6402715872973204,0.010140289319679141,4.387241369840922e-05
0,1,0.004166666666666667,np,0.15,layer_1,Layer 1,0,0.0045966740253788885,0.08938177116215229,0.00968522997573018,3.9991305357034435e-05
0,1,0.004166666666666667,np,0.15,layer_2,Layer 2,1,0.023621601985920886,0.28162767738103867,0.009853333351202309,4.778491961587861e-05
0,1,0.004166666666666667,np,0.15,layer_3,Layer 3,2,0.2228500364231877,0.954425148665905,0.016076412750408053,4.3621216235578686e-05
0,1,0.004166666666666667,np_fan_in,0.1,all,All layers,-1,0.0803486353431102,0.6464628428220749,0.010209932341240346,4.5119115839042934e-05
0,1,0.004166666666666667,np_fan_in,0.1,layer_1,Layer 1,0,0.014795709394858629,0.23488266486674547,0.010424435371533036,3.9550590145154274e-05
0,1,0.004166666666666667,np_fan_in,0.1,layer_2,Layer 2,1,0.015519771927938564,0.19259151862934232,0.009108077909331769,4.745831893160357e-05
0,1,0.004166666666666667,np_fan_in,0.1,layer_3,Layer 3,2,0.22121406113531822,0.9285823069512844,0.017308742506429553,7.095369505805138e-05
0,1,0.004166666666666667,np_fixed,0.3,all,All layers,-1,0.0970197366727992,0.7583763711154461,0.010225137579254806,4.562732692647842e-05
0,1,0.004166666666666667,np_fixed,0.3,layer_1,Layer 1,0,0.011926681755020733,0.18281457107514143,0.010462287929840386,4.507697917688347e-05
0,1,0.004166666666666667,np_fixed,0.3,layer_2,Layer 2,1,0.027881940332720966,0.44251514226198196,0.009065556863788515,4.3078021917608567e-05
0,1,0.004166666666666667,np_fixed,0.3,layer_3,Layer 3,2,0.25016561286077676,0.9958256557583809,0.017604586202651262,7.042451983352294e-05
0,1,0.004166666666666667,wp,0.225,all,All layers,-1,0.02699453909051499,0.33740988466888666,0.07582701183855534,0.00035178869802621193
0,1,0.004166666666666667,wp,0.225,layer_1,Layer 1,0,0.007865770407829587,0.12159416289068758,0.07531000673770905,0.00031993479933589697
0,1,0.004166666666666667,wp,0.225,layer_2,Layer 2,1,0.004288131267207973,0.07352635078132153,0.07495266292244196,0.00037811037691426463
0,1,0.004166666666666667,wp,0.225,layer_3,Layer 3,2,0.09468898304774788,0.705434400588274,0.08695779368281364,0.0003960464455303736
0,120,0.5,np,0.15,all,All layers,-1,0.08535638416675889,0.6780181713402271,0.006820692622568458,4.033923642055015e-05
0,120,0.5,np,0.15,layer_1,Layer 1,0,0.051739063902762915,0.63252392411232,0.0063882244867272675,2.637052216414304e-05
0,120,0.5,np,0.15,layer_2,Layer 2,1,0.0649468629167662,0.5817610137164593,0.006504901917651296,4.6370648760785116e-05
0,120,0.5,np,0.15,layer_3,Layer 3,2,0.2088716555823339,0.8865635022521019,0.012806758168153465,0.00010383763719801209
0,120,0.5,np_fan_in,0.1,all,All layers,-1,0.06925297606262196,0.6945635005831718,0.007207628106698394,2.622788360895356e-05
0,120,0.5,np_fan_in,0.1,layer_1,Layer 1,0,0.04866904361703822,0.6102535389363766,0.007167728792410344,3.018128541043552e-05
0,120,0.5,np_fan_in,0.1,layer_2,Layer 2,1,0.055999005238898766,0.6717840023338795,0.006458898191340268,1.8222598555439617e-05
0,120,0.5,np_fan_in,0.1,layer_3,Layer 3,2,0.16910259216562246,0.8662193156778812,0.013516659382730722,5.8642946896725334e-05
0,120,0.5,np_fixed,0.3,all,All layers,-1,0.06478631755399912,0.6217498388141394,0.007217577542178333,3.089079268647765e-05
0,120,0.5,np_fixed,0.3,layer_1,Layer 1,0,0.04395553895686816,0.5672935657203197,0.0073706015245988965,2.7559021191336797e-05
0,120,0.5,np_fixed,0.3,layer_2,Layer 2,1,0.05571371468101158,0.6180425621569157,0.0063285453943535686,2.440921139168495e-05
0,120,0.5,np_fixed,0.3,layer_3,Layer 3,2,0.1432921493780062,0.6843651980161667,0.013105647056363523,0.00010939761432382511
0,120,0.5,wp,0.225,all,All layers,-1,0.02497928120331447,0.3177349651232362,0.05979821318760514,0.000288016461126972
0,120,0.5,wp,0.225,layer_1,Layer 1,0,0.020848505975538955,0.2834102399647236,0.059188942424952984,0.0002574168665887555
0,120,0.5,wp,0.225,layer_2,Layer 2,1,0.01933137946321608,0.280425738543272,0.0590169383212924,0.0002961420814244775
0,120,0.5,wp,0.225,layer_3,Layer 3,2,0.05263343081660424,0.38844974408857524,0.07092260662466288,0.000467808211396914
0,240,1.0,np,0.15,all,All layers,-1,0.09152705103964157,0.7191915772855282,0.00545171822886914,2.8892774253108655e-05
0,240,1.0,np,0.15,layer_1,Layer 1,0,0.049254810293143686,0.5983968041837215,0.005055288871517405,2.2550953531208506e-05
0,240,1.0,np,0.15,layer_2,Layer 2,1,0.06437880112661863,0.5649070478975773,0.005217410856857896,3.058853064885625e-05
0,240,1.0,np,0.15,layer_3,Layer 3,2,0.19720564379992236,0.9050019308924675,0.010497610899619758,6.606127658415062e-05
0,240,1.0,np_fan_in,0.1,all,All layers,-1,0.09533715794250763,0.7038094773888588,0.006324051646515727,3.833707614830928e-05
0,240,1.0,np_fan_in,0.1,layer_1,Layer 1,0,0.045023975416488865,0.5603967905044556,0.006347052636556327,2.8540682023958652e-05
0,240,1.0,np_fan_in,0.1,layer_2,Layer 2,1,0.07301301654566336,0.7024474442005157,0.005586318235145882,2.547005254882606e-05
0,240,1.0,np_fan_in,0.1,layer_3,Layer 3,2,0.20182931888739403,0.8094223439693451,0.012041910202242434,0.00021964440566080157
0,240,1.0,np_fixed,0.3,all,All layers,-1,0.0949162871534251,0.7899222522974014,0.00626778625883162,2.516313384148816e-05
0,240,1.0,np_fixed,0.3,layer_1,Layer 1,0,0.03978710359103464,0.5254220440983772,0.006242440431378782,2.693468263714749e-05
0,240,1.0,np_fixed,0.3,layer_2,Layer 2,1,0.06764795011190093,0.7291024271398783,0.00566679664188996,1.7404182358404796e-05
0,240,1.0,np_fixed,0.3,layer_3,Layer 3,2,0.2134088114001012,0.9447440430521965,0.01127846643794328,7.306234965653857e-05
0,240,1.0,wp,0.225,all,All layers,-1,0.030255559727073472,0.3767484902055003,0.05414877412840724,0.0002585346610430861
0,240,1.0,wp,0.225,layer_1,Layer 1,0,0.015931095336262992,0.2534217406064272,0.05356239527463913,0.00022438730957219377
0,240,1.0,wp,0.225,layer_2,Layer 2,1,0.023087438069660494,0.29238116508349776,0.05361128505319357,0.0002726691418502014
0,240,1.0,wp,0.225,layer_3,Layer 3,2,0.08145745242476703,0.6272398699074984,0.0631397319957614,0.00041863757724058814
1,1,0.004166666666666667,np,0.15,all,All layers,-1,0.16981541482544646,0.8524701446294785,0.01030335039831698,5.918050692343968e-05
1,1,0.004166666666666667,np,0.15,layer_1,Layer 1,0,0.004493923136017959,0.08915843768045306,0.009782760054804385,4.090281345270341e-05
1,1,0.004166666666666667,np,0.15,layer_2,Layer 2,1,-0.0002111705294206936,-0.033797687385231256,0.009914926951751113,6.23769587946299e-05
1,1,0.004166666666666667,np,0.15,layer_3,Layer 3,2,0.4621710557352344,0.9889709576964378,0.017575460369698703,0.00017983044966740636
1,1,0.004166666666666667,np_fan_in,0.1,all,All layers,-1,0.16338228303153907,0.8996238857507706,0.01007937896065414,3.856148441627738e-05
1,1,0.004166666666666667,np_fan_in,0.1,layer_1,Layer 1,0,0.00806358101102281,0.12575649796053767,0.010698452708311379,4.194288521830458e-05
1,1,0.004166666666666667,np_fan_in,0.1,layer_2,Layer 2,1,0.0367100589701001,0.5531072067096829,0.008610867254901677,3.1469534633288276e-05
1,1,0.004166666666666667,np_fan_in,0.1,layer_3,Layer 3,2,0.4249274143682593,0.9879240170121193,0.01687488192692399,6.824585381082215e-05
1,1,0.004166666666666667,np_fixed,0.3,all,All layers,-1,0.1593101495820747,0.8325388128869236,0.010206247679889202,4.557518991532561e-05
1,1,0.004166666666666667,np_fixed,0.3,layer_1,Layer 1,0,0.007770311085876832,0.11161937506403774,0.010810062871314585,4.556418934953399e-05
1,1,0.004166666666666667,np_fixed,0.3,layer_2,Layer 2,1,0.022360043100199317,0.3744567087851465,0.008654066536109895,3.8613383139818325e-05
1,1,0.004166666666666667,np_fixed,0.3,layer_3,Layer 3,2,0.40995678072928665,0.8759521177271381,0.01779317471664399,0.00010135765182894829
1,1,0.004166666666666667,wp,0.225,all,All layers,-1,0.06142737134636604,0.6258054319769144,0.07579524163156748,0.0003333013482915703
1,1,0.004166666666666667,wp,0.225,layer_1,Layer 1,0,0.004325115211370637,0.0728228185325861,0.07525760401040316,0.00031378295716422144
1,1,0.004166666666666667,wp,0.225,layer_2,Layer 2,1,-0.004285516205542687,-0.08140051830559969,0.07532013766467571,0.0003432213452470023
1,1,0.004166666666666667,wp,0.225,layer_3,Layer 3,2,0.22515687425751216,0.824262335896492,0.08389713428914547,0.00041008854532265104
1,120,0.5,np,0.15,all,All layers,-1,0.1308959310181611,0.8352012932300568,0.006337299477308989,3.878700999848661e-05
1,120,0.5,np,0.15,layer_1,Layer 1,0,0.04463361155518631,0.5753757208585739,0.005957219575066119,2.414136076822615e-05
1,120,0.5,np,0.15,layer_2,Layer 2,1,0.08362458395121546,0.6923681907355785,0.005984466057270765,3.774427807456959e-05
1,120,0.5,np,0.15,layer_3,Layer 3,2,0.31170495323664604,0.9411798417568207,0.012200602213852108,0.00016429406014140113
1,120,0.5,np_fan_in,0.1,all,All layers,-1,0.1415496674200161,0.8514141291379929,0.006614427373278886,4.131936611884157e-05
1,120,0.5,np_fan_in,0.1,layer_1,Layer 1,0,0.048745874215004883,0.608986496925354,0.0067979187006130815,2.8325490120550967e-05
1,120,0.5,np_fan_in,0.1,layer_2,Layer 2,1,0.08828471661813637,0.7513350658118725,0.00557643873617053,3.0406202427002427e-05
1,120,0.5,np_fan_in,0.1,layer_3,Layer 3,2,0.32690019668249687,0.9284390658140182,0.013450406608171761,0.0002325756677237223
1,120,0.5,np_fixed,0.3,all,All layers,-1,0.14511532963989188,0.858827993273735,0.006764133868273348,4.274216507837991e-05
1,120,0.5,np_fixed,0.3,layer_1,Layer 1,0,0.05020219407313865,0.6151746772229671,0.006864072231110185,2.684233936633973e-05
1,120,0.5,np_fixed,0.3,layer_2,Layer 2,1,0.09505403057699671,0.8241564780473709,0.005774565564934164,2.827465289101383e-05
1,120,0.5,np_fixed,0.3,layer_3,Layer 3,2,0.3510430732573392,0.931455560028553,0.01388117065653205,0.00028568085781444097
1,120,0.5,wp,0.225,all,All layers,-1,0.05397174122099007,0.5580529570579529,0.060225535184144974,0.0003305121517769294
1,120,0.5,wp,0.225,layer_1,Layer 1,0,0.017004788208187925,0.25048659928143024,0.05955500202253461,0.00027467612744658254
1,120,0.5,wp,0.225,layer_2,Layer 2,1,0.026256957410407962,0.34323382657021284,0.05942682642489672,0.0002984120110340882
1,120,0.5,wp,0.225,layer_3,Layer 3,2,0.175206329351704,0.8374627456068993,0.07197945471853018,0.0010340012777305674
1,240,1.0,np,0.15,all,All layers,-1,0.16038646844111212,0.816619336605072,0.006051160453353077,3.513787783049338e-05
1,240,1.0,np,0.15,layer_1,Layer 1,0,0.04787187455900058,0.5715922154486179,0.00567070790566504,2.4152864625648363e-05
1,240,1.0,np,0.15,layer_2,Layer 2,1,0.1095541464861488,0.7265247092582285,0.005665637960191816,3.360706955390924e-05
1,240,1.0,np,0.15,layer_3,Layer 3,2,0.3468642347240045,0.7787694185972214,0.012178963283076882,0.00013526445127354236
1,240,1.0,np_fan_in,0.1,all,All layers,-1,0.14528356684399266,0.820561408996582,0.006463570287451148,2.939440082627698e-05
1,240,1.0,np_fan_in,0.1,layer_1,Layer 1,0,0.04309824000389331,0.5254701171070337,0.006949999311473221,3.273698257544311e-05
1,240,1.0,np_fan_in,0.1,layer_2,Layer 2,1,0.10797349763469857,0.7602493651211262,0.005119234265293926,1.7419763025827706e-05
1,240,1.0,np_fan_in,0.1,layer_3,Layer 3,2,0.3280343177570709,0.8179656695574522,0.013326826156117022,9.845084696280537e-05
1,240,1.0,np_fixed,0.3,all,All layers,-1,0.15348766773896044,0.8243244923651218,0.00646565540228039,3.7831091503903735e-05
1,240,1.0,np_fixed,0.3,layer_1,Layer 1,0,0.03924908614289961,0.5220969505608082,0.006786065059714019,3.182650198141346e-05
1,240,1.0,np_fixed,0.3,layer_2,Layer 2,1,0.11466582038196596,0.7427692301571369,0.005263453320367262,2.611090525306281e-05
1,240,1.0,np_fixed,0.3,layer_3,Layer 3,2,0.32292553273097535,0.7671548500657082,0.013519991771318018,0.0001796292908693431
1,240,1.0,wp,0.225,all,All layers,-1,0.05400723895690665,0.5486401687376201,0.05948157422244549,0.0002833992875821423
1,240,1.0,wp,0.225,layer_1,Layer 1,0,0.008831998508356757,0.1457337534520775,0.05878132162615657,0.00025203048971889075
1,240,1.0,wp,0.225,layer_2,Layer 2,1,0.03196907819506123,0.38560360111296177,0.05872788466513157,0.0002855028651538305
1,240,1.0,wp,0.225,layer_3,Layer 3,2,0.15742354230318556,0.7019720822572708,0.07111311657354236,0.0005175210753805004
2,1,0.004166666666666667,np,0.15,all,All layers,-1,0.09978189105412033,0.717975314706564,0.009960044524632394,5.139127961228951e-05
2,1,0.004166666666666667,np,0.15,layer_1,Layer 1,0,0.008595253911391865,0.17178267473354936,0.009418148780241609,3.520561926961818e-05
2,1,0.004166666666666667,np,0.15,layer_2,Layer 2,1,0.033594041439698685,0.34821676556020975,0.00972016854211688,6.211768982211652e-05
2,1,0.004166666666666667,np,0.15,layer_3,Layer 3,2,0.2899268091744792,0.9784019514918327,0.016214219038374722,9.506531387160067e-05
2,1,0.004166666666666667,np_fan_in,0.1,all,All layers,-1,0.09655404276944257,0.8133281618356705,0.010428659385070205,4.663442655328254e-05
2,1,0.004166666666666667,np_fan_in,0.1,layer_1,Layer 1,0,0.008950106427727178,0.15217908937484026,0.010802542325109243,4.835470053876634e-05
2,1,0.004166666666666667,np_fan_in,0.1,layer_2,Layer 2,1,0.028764373413408366,0.41558332569911727,0.009186494979076087,4.452147493338998e-05
2,1,0.004166666666666667,np_fan_in,0.1,layer_3,Layer 3,2,0.2834687645525264,0.9974442720413208,0.01737490890081972,4.977584711696181e-05
2,1,0.004166666666666667,np_fixed,0.3,all,All layers,-1,0.11003165988397162,0.8246426060795784,0.01038389781024307,4.317923253438494e-05
2,1,0.004166666666666667,np_fixed,0.3,layer_1,Layer 1,0,0.00989630613476038,0.15129631664603949,0.010808746330440044,5.112076041768887e-05
2,1,0.004166666666666667,np_fixed,0.3,layer_2,Layer 2,1,0.03689320519406465,0.49929055059328675,0.009272817347664386,3.560484992704005e-05
2,1,0.004166666666666667,np_fixed,0.3,layer_3,Layer 3,2,0.3197424555093069,0.9972316548228264,0.015873761381953955,4.024204804409237e-05
2,1,0.004166666666666667,wp,0.225,all,All layers,-1,0.03833572776151754,0.46922980435192585,0.07075955020263791,0.0003320370851724874
2,1,0.004166666666666667,wp,0.225,layer_1,Layer 1,0,0.005810427839325409,0.09709555376321077,0.07018074207007885,0.0003001736258738674
2,1,0.004166666666666667,wp,0.225,layer_2,Layer 2,1,0.003561843525073982,0.058035864029079676,0.07026445725932717,0.00034672143738134764
2,1,0.004166666666666667,wp,0.225,layer_3,Layer 3,2,0.14198977221653877,0.8411663621664047,0.07935076765716076,0.0004694699582614703
2,120,0.5,np,0.15,all,All layers,-1,0.07629750246298433,0.606754707172513,0.006580958084668964,3.559896549631958e-05
2,120,0.5,np,0.15,layer_1,Layer 1,0,0.04633352089972505,0.6077150739729404,0.0061928441864438355,2.3493695266552095e-05
2,120,0.5,np,0.15,layer_2,Layer 2,1,0.06008614532015599,0.525941576808691,0.006236762390471995,4.351831171334197e-05
2,120,0.5,np,0.15,layer_3,Layer 3,2,0.1664959420985421,0.6867240443825722,0.01243943558074534,6.90863298586919e-05
2,120,0.5,np_fan_in,0.1,all,All layers,-1,0.07615792561844709,0.6517986580729485,0.007016975607257336,2.9972802394695464e-05
2,120,0.5,np_fan_in,0.1,layer_1,Layer 1,0,0.04811401881731664,0.6086317859590054,0.007105662138201296,2.8427568167899153e-05
2,120,0.5,np_fan_in,0.1,layer_2,Layer 2,1,0.06435863468308393,0.6649802438914776,0.00626114517217502,2.1585581635008566e-05
2,120,0.5,np_fan_in,0.1,layer_3,Layer 3,2,0.17123465799570564,0.7683501557912678,0.01235412829555571,0.00010943244660666096
2,120,0.5,np_fixed,0.3,all,All layers,-1,0.08109461153625641,0.6844236068427563,0.007111878541763872,3.241832359890395e-05
2,120,0.5,np_fixed,0.3,layer_1,Layer 1,0,0.0479275117993249,0.5904561802744865,0.007156338891945779,3.0919092750991695e-05
2,120,0.5,np_fixed,0.3,layer_2,Layer 2,1,0.05622665391251758,0.6337276250123978,0.006341436004731804,2.6930932449431566e-05
2,120,0.5,np_fixed,0.3,layer_3,Layer 3,2,0.18042494833607636,0.907877191901207,0.012919732951559126,8.831127888697665e-05
2,120,0.5,wp,0.225,all,All layers,-1,0.026674804617005065,0.30085391364991665,0.057330400217324495,0.00028173420287203044
2,120,0.5,wp,0.225,layer_1,Layer 1,0,0.012292405149020169,0.17256715812254697,0.05677044903859496,0.0002531762256694492
2,120,0.5,wp,0.225,layer_2,Layer 2,1,0.021390391984770454,0.28085319325327873,0.05668410658836365,0.00028411003040673677
2,120,0.5,wp,0.225,layer_3,Layer 3,2,0.06541582836692138,0.302941256435588,0.06698037451133132,0.0004911913165415172
2,240,1.0,np,0.15,all,All layers,-1,0.10332801836932504,0.6302199717611074,0.0052781159756705165,3.364603662703303e-05
2,240,1.0,np,0.15,layer_1,Layer 1,0,0.04655847700265099,0.5830633975565434,0.004923834669170901,2.079896012219251e-05
2,240,1.0,np,0.15,layer_2,Layer 2,1,0.06469654532097877,0.5270995870232582,0.005094456544611603,3.667364148896013e-05
2,240,1.0,np,0.15,layer_3,Layer 3,2,0.22404342222253035,0.43792661279439926,0.009581643680576235,0.00011220181795579265
2,240,1.0,np_fan_in,0.1,all,All layers,-1,0.10371513496387857,0.6996349338442087,0.006488270882982761,2.9511294542317046e-05
2,240,1.0,np_fan_in,0.1,layer_1,Layer 1,0,0.044559780200389316,0.5625084824860096,0.006752335233613849,2.7658516273731948e-05
2,240,1.0,np_fan_in,0.1,layer_2,Layer 2,1,0.07648511120945234,0.6905364603735507,0.005548513378016651,2.209225533533754e-05
2,240,1.0,np_fan_in,0.1,layer_3,Layer 3,2,0.21632802975060864,0.6866860650479794,0.011893817223608494,0.00010368581479269778
2,240,1.0,np_fixed,0.3,all,All layers,-1,0.09767556104224298,0.6649435246363282,0.006241132155992091,2.9305142788871308e-05
2,240,1.0,np_fixed,0.3,layer_1,Layer 1,0,0.03950829265170626,0.5377802103757858,0.006442526122555137,2.6923513587462367e-05
2,240,1.0,np_fixed,0.3,layer_2,Layer 2,1,0.06824465948059999,0.6191038717515767,0.005410015321103856,2.0975761458430497e-05
2,240,1.0,np_fixed,0.3,layer_3,Layer 3,2,0.17722113423757643,0.5047464296221733,0.01127891382202506,0.00011499322135932744
2,240,1.0,wp,0.225,all,All layers,-1,0.03397954994141798,0.3852559933438897,0.05131982080638409,0.0002483977223164402
2,240,1.0,wp,0.225,layer_1,Layer 1,0,0.013126027044327061,0.21059340704232454,0.05076134391129017,0.0002085484993585851
2,240,1.0,wp,0.225,layer_2,Layer 2,1,0.021619987476651656,0.2691473394515924,0.05080517288297415,0.0002588159823062597
2,240,1.0,wp,0.225,layer_3,Layer 3,2,0.09574964550138249,0.5908086579293013,0.059904795140028,0.0004838453714910429
3,1,0.004166666666666667,np,0.15,all,All layers,-1,0.09724460372932905,0.7190427165478468,0.009974190150387585,4.567568339552963e-05
3,1,0.004166666666666667,np,0.15,layer_1,Layer 1,0,0.0095983471045353,0.1341291621720302,0.009577434975653887,3.975227014052507e-05
3,1,0.004166666666666667,np,0.15,layer_2,Layer 2,1,0.029403472929167642,0.38730892655439675,0.009608350577764213,4.846763863497472e-05
3,1,0.004166666666666667,np,0.15,layer_3,Layer 3,2,0.2729805720712951,0.9801359474658966,0.016074953135102987,7.07273601108227e-05
3,1,0.004166666666666667,np_fan_in,0.1,all,All layers,-1,0.09162432734356116,0.7284800186753273,0.010205011698417366,4.205785194244527e-05
3,1,0.004166666666666667,np_fan_in,0.1,layer_1,Layer 1,0,0.010101099224126149,0.15376734849996865,0.010819427203387022,4.421011249178264e-05
3,1,0.004166666666666667,np_fan_in,0.1,layer_2,Layer 2,1,0.024247711555921113,0.2629146780818701,0.008900025859475136,3.623499833338428e-05
3,1,0.004166666666666667,np_fan_in,0.1,layer_3,Layer 3,2,0.2603825027991358,0.9711110070347786,0.015729571226984262,7.142260295722735e-05
3,1,0.004166666666666667,np_fixed,0.3,all,All layers,-1,0.09383745086612787,0.7756243795156479,0.010187199921347201,4.258238686816185e-05
3,1,0.004166666666666667,np_fixed,0.3,layer_1,Layer 1,0,0.006248285561760743,0.088172338437289,0.010697280755266547,4.611755139194429e-05
3,1,0.004166666666666667,np_fixed,0.3,layer_2,Layer 2,1,0.03089415739159449,0.39534482453018427,0.008882882248144597,3.8556384083676676e-05
3,1,0.004166666666666667,np_fixed,0.3,layer_3,Layer 3,2,0.2517120841507373,0.9946388751268387,0.016541093587875366,4.65090887473707e-05
3,1,0.004166666666666667,wp,0.225,all,All layers,-1,0.037751741428140424,0.4689740836620331,0.0699876919388771,0.000322436777423718
3,1,0.004166666666666667,wp,0.225,layer_1,Layer 1,0,-0.0013753277473976292,0.011178131680935621,0.06948343012481928,0.0002905715282395249
3,1,0.004166666666666667,wp,0.225,layer_2,Layer 2,1,0.009950739793535016,0.14985384103783872,0.06952649215236306,0.00034423395845806226
3,1,0.004166666666666667,wp,0.225,layer_3,Layer 3,2,0.14073345594945674,0.8760672360658646,0.07771135680377483,0.000402981242586975
3,120,0.5,np,0.15,all,All layers,-1,0.0929357816603518,0.7233162485063076,0.005207204289035872,3.545515733094362e-05
3,120,0.5,np,0.15,layer_1,Layer 1,0,0.052599429004722725,0.6092568226158619,0.004864596587140113,2.424848332793772e-05
3,120,0.5,np,0.15,layer_2,Layer 2,1,0.06409510238455975,0.5827403254806995,0.004983873717719689,3.2116748343469226e-05
3,120,0.5,np,0.15,layer_3,Layer 3,2,0.17125034239058246,0.8392779268324375,0.009734708000905812,0.00015181581511569675
3,120,0.5,np_fan_in,0.1,all,All layers,-1,0.09575722736766465,0.7337096207775176,0.005991662910673767,3.814306205640605e-05
3,120,0.5,np_fan_in,0.1,layer_1,Layer 1,0,0.04821742903860316,0.6114835292100906,0.006156740710139275,2.513450783681037e-05
3,120,0.5,np_fan_in,0.1,layer_2,Layer 2,1,0.0714568417760385,0.6765954298898578,0.005315036803949624,3.0463957500614924e-05
3,120,0.5,np_fan_in,0.1,layer_3,Layer 3,2,0.18647655449403827,0.6482373289763927,0.010084046283736825,0.00020364434203656856
3,120,0.5,np_fixed,0.3,all,All layers,-1,0.0849124248228918,0.7096089422702789,0.006134351657237858,3.1077781386557035e-05
3,120,0.5,np_fixed,0.3,layer_1,Layer 1,0,0.047283149788828874,0.5715739168226719,0.0061551922699436545,2.7076559490524232e-05
3,120,0.5,np_fixed,0.3,layer_2,Layer 2,1,0.04868305465522174,0.5475700693204999,0.005456728336866945,2.4155861751751218e-05
3,120,0.5,np_fixed,0.3,layer_3,Layer 3,2,0.17345115222099897,0.671017587184906,0.011388612620066851,0.00011846291226902395
3,120,0.5,wp,0.225,all,All layers,-1,0.0348328722840759,0.39155360450968146,0.048776973970234394,0.00027836329900310375
3,120,0.5,wp,0.225,layer_1,Layer 1,0,0.016634852532964334,0.26361766643822193,0.04809552151709795,0.00019822740978270303
3,120,0.5,wp,0.225,layer_2,Layer 2,1,0.024920451784322492,0.30474285257514566,0.048433370888233185,0.0002950297493953258
3,120,0.5,wp,0.225,layer_3,Layer 3,2,0.09562376267883035,0.455778144299984,0.05697741638869047,0.0007861186204536352
3,240,1.0,np,0.15,all,All layers,-1,0.07916686343005305,0.6332666128873825,0.004997031792299822,3.851862857118249e-05
3,240,1.0,np,0.15,layer_1,Layer 1,0,0.03758515556295758,0.5077501758933067,0.004632374620996416,2.16826695123018e-05
3,240,1.0,np,0.15,layer_2,Layer 2,1,0.04665941307597829,0.4861927228048444,0.004756710608489811,3.366558354400695e-05
3,240,1.0,np,0.15,layer_3,Layer 3,2,0.191058634250597,0.7690687756985426,0.009836859302595258,0.0002120306799042737
3,240,1.0,np_fan_in,0.1,all,All layers,-1,0.07094097943944083,0.6545029804110527,0.006133497983682901,4.046746175845328e-05
3,240,1.0,np_fan_in,0.1,layer_1,Layer 1,0,0.04097523763212223,0.553302351385355,0.0062262098072096705,2.4402737153650378e-05
3,240,1.0,np_fan_in,0.1,layer_2,Layer 2,1,0.04673329173279844,0.5729739721864462,0.005541513964999467,2.8207397235746612e-05
3,240,1.0,np_fan_in,0.1,layer_3,Layer 3,2,0.16445181367065137,0.7588991783559322,0.010127672692760825,0.0002670657886483241
3,240,1.0,np_fixed,0.3,all,All layers,-1,0.06606229793853041,0.6519717238843441,0.006111806491389871,5.0329523901382345e-05
3,240,1.0,np_fixed,0.3,layer_1,Layer 1,0,0.034162493541172505,0.4584910273551941,0.006264378549531102,2.8969262075406732e-05
3,240,1.0,np_fixed,0.3,layer_2,Layer 2,1,0.04703993283878087,0.5838471502065659,0.005328318307874724,3.281867498117208e-05
3,240,1.0,np_fixed,0.3,layer_3,Layer 3,2,0.1455547533587378,0.8021791465580463,0.011159134795889258,0.0003612983891798649
3,240,1.0,wp,0.225,all,All layers,-1,0.016184582572788264,0.22776153776794672,0.04869645228609443,0.00027671240059135016
3,240,1.0,wp,0.225,layer_1,Layer 1,0,0.01096989861384164,0.15332459448836744,0.04796502646058798,0.00021598159037239384
3,240,1.0,wp,0.225,layer_2,Layer 2,1,0.006141940043907349,0.07100535230711102,0.048306476790457964,0.00025613153775339015
3,240,1.0,wp,0.225,layer_3,Layer 3,2,0.050780578480500556,0.4087519608438015,0.05766767589375377,0.0009272056304325815
4,1,0.004166666666666667,np,0.15,all,All layers,-1,0.09749026779120414,0.7641335502266884,0.01023069059010595,4.6068133542576106e-05
4,1,0.004166666666666667,np,0.15,layer_1,Layer 1,0,0.008323865750783928,0.12318969145417213,0.009753610705956817,4.1906767819455126e-05
4,1,0.004166666666666667,np,0.15,layer_2,Layer 2,1,0.029550423007663088,0.3952141306363046,0.009885686100460589,4.9306890559819294e-05
4,1,0.004166666666666667,np,0.15,layer_3,Layer 3,2,0.2612551419325125,0.9973363503813744,0.016807370586320758,5.344901444459538e-05
4,1,0.004166666666666667,np_fan_in,0.1,all,All layers,-1,0.09480044636520688,0.6852675309637561,0.009848782909102738,4.6257765461632516e-05
4,1,0.004166666666666667,np_fan_in,0.1,layer_1,Layer 1,0,0.0035321841727485054,0.0643818725948222,0.010030676610767841,3.8990323218968115e-05
4,1,0.004166666666666667,np_fan_in,0.1,layer_2,Layer 2,1,0.0179599641941356,0.23483875580132008,0.00871745910262689,5.0341430551270605e-05
4,1,0.004166666666666667,np_fan_in,0.1,layer_3,Layer 3,2,0.25894898473382755,0.838613148778677,0.017444224911741912,7.172799217869397e-05
4,1,0.004166666666666667,np_fixed,0.3,all,All layers,-1,0.10175581328991634,0.8097108900547028,0.009799879509955645,3.261196798121091e-05
4,1,0.004166666666666667,np_fixed,0.3,layer_1,Layer 1,0,0.00401359809237268,0.07596065825782716,0.009989332407712936,3.490976905595744e-05
4,1,0.004166666666666667,np_fixed,0.3,layer_2,Layer 2,1,0.02107458322434278,0.41510424856096506,0.008546193013899028,2.9070663686070475e-05
4,1,0.004166666666666667,np_fixed,0.3,layer_3,Layer 3,2,0.26617520113262194,0.995248980820179,0.018313740380108356,4.256001150793054e-05
4,1,0.004166666666666667,wp,0.225,all,All layers,-1,0.03394508846654484,0.41219898872077465,0.07743422593921423,0.00035752229086938314
4,1,0.004166666666666667,wp,0.225,layer_1,Layer 1,0,0.002863408110048719,0.04857893171720207,0.07656676229089499,0.0003430074320931453
4,1,0.004166666666666667,wp,0.225,layer_2,Layer 2,1,0.00762983965175105,0.11431591492146254,0.07696763798594475,0.0003644041462393943
4,1,0.004166666666666667,wp,0.225,layer_3,Layer 3,2,0.1224128291344338,0.8302253521978855,0.08810661919414997,0.00041858623080770485
4,120,0.5,np,0.15,all,All layers,-1,0.10273311504017024,0.7588123939931393,0.005620027717668563,2.3262363583853585e-05
4,120,0.5,np,0.15,layer_1,Layer 1,0,0.04009904824130217,0.5560458861291409,0.005184245819691569,2.0137985416113224e-05
4,120,0.5,np,0.15,layer_2,Layer 2,1,0.06887937077083658,0.6888533309102058,0.0054028894228395075,2.131817700501415e-05
4,120,0.5,np,0.15,layer_3,Layer 3,2,0.2212418246694142,0.9156628549098969,0.010843391879461706,6.381088633133913e-05
4,120,0.5,np_fan_in,0.1,all,All layers,-1,0.07843168283796492,0.6803781799972057,0.00614705664338544,2.5253567400795873e-05
4,120,0.5,np_fan_in,0.1,layer_1,Layer 1,0,0.04369356043294677,0.576420646160841,0.006246683769859374,2.459117547459755e-05
4,120,0.5,np_fan_in,0.1,layer_2,Layer 2,1,0.05098912002605971,0.6437020786106586,0.005254957650322467,1.7964276310067362e-05
4,120,0.5,np_fan_in,0.1,layer_3,Layer 3,2,0.14890789313673544,0.8370704613626003,0.012486831634305418,8.886703653843142e-05
4,120,0.5,np_fixed,0.3,all,All layers,-1,0.09331378066531215,0.6817797040566802,0.006126774474978447,2.9088307996971707e-05
4,120,0.5,np_fixed,0.3,layer_1,Layer 1,0,0.048893494544999305,0.5992777086794376,0.006240718357730657,2.661120515767834e-05
4,120,0.5,np_fixed,0.3,layer_2,Layer 2,1,0.05808896218914772,0.5954377762973309,0.005253755254670978,1.8582501240871352e-05
4,120,0.5,np_fixed,0.3,layer_3,Layer 3,2,0.1884880721040948,0.6957533210515976,0.012199379038065672,0.00013295156804815633
4,120,0.5,wp,0.225,all,All layers,-1,0.02808105882598492,0.3346166368573904,0.05618814844638109,0.00027539734219317324
4,120,0.5,wp,0.225,layer_1,Layer 1,0,0.012540033145648978,0.19047156418673694,0.0552168320864439,0.00023272080761671532
4,120,0.5,wp,0.225,layer_2,Layer 2,1,0.01643849104593187,0.23098415695130825,0.055721568409353495,0.0002932250208687037
4,120,0.5,wp,0.225,layer_3,Layer 3,2,0.07730331481513228,0.4797049732878804,0.06769132846966386,0.00047418816393474117
4,240,1.0,np,0.15,all,All layers,-1,0.20202021212230648,0.9222659915685654,0.005692624661605805,2.8985425387872965e-05
4,240,1.0,np,0.15,layer_1,Layer 1,0,0.05825024120318479,0.6502829678356647,0.005245069012744352,2.3890209831733955e-05
4,240,1.0,np,0.15,layer_2,Layer 2,1,0.13882939448421894,0.8616014644503593,0.0054506521264556795,2.6475282311366755e-05
4,240,1.0,np,0.15,layer_3,Layer 3,2,0.4278827602992048,0.9899211749434471,0.011208846583031118,8.982830422610277e-05
4,240,1.0,np_fan_in,0.1,all,All layers,-1,0.19184166492645244,0.943977952003479,0.006319515116047114,2.8294550020291354e-05
4,240,1.0,np_fan_in,0.1,layer_1,Layer 1,0,0.05418138565199418,0.6659547686576843,0.006336854828987271,2.4911214495659806e-05
4,240,1.0,np_fan_in,0.1,layer_2,Layer 2,1,0.12361881931550064,0.8962339162826538,0.005524804873857647,2.037089461737196e-05
4,240,1.0,np_fan_in,0.1,layer_3,Layer 3,2,0.43237104094732787,0.9890997856855392,0.012538479641079903,0.00011875049540321925
4,240,1.0,np_fixed,0.3,all,All layers,-1,0.2008951149719981,0.9401418045163155,0.006228775659110397,3.3146508712889045e-05
4,240,1.0,np_fixed,0.3,layer_1,Layer 1,0,0.05282775960244711,0.6445067003369331,0.006190551328472793,2.472824428423337e-05
4,240,1.0,np_fixed,0.3,layer_2,Layer 2,1,0.13077491377019518,0.8586414381861687,0.005444631271529943,2.782250294330879e-05
4,240,1.0,np_fixed,0.3,layer_3,Layer 3,2,0.4527126764824667,0.9908900707960129,0.012807727209292352,0.0001430846682524134
4,240,1.0,wp,0.225,all,All layers,-1,0.0703335992477226,0.6810615248978138,0.055812735576182604,0.0002492016919859452
4,240,1.0,wp,0.225,layer_1,Layer 1,0,0.01643312643576505,0.27400869538541883,0.05518179992213845,0.00021572028890659567
4,240,1.0,wp,0.225,layer_2,Layer 2,1,0.047955229704265884,0.5568974204361439,0.05515687074512243,0.00026205764879705384
4,240,1.0,wp,0.225,layer_3,Layer 3,2,0.21787014693015105,0.9208918809890747,0.06610715109854937,0.0004142053312534699
5,1,0.004166666666666667,np,0.15,all,All layers,-1,0.05757971259501649,0.5678384946659207,0.009635794558562338,4.580401127896039e-05
5,1,0.004166666666666667,np,0.15,layer_1,Layer 1,0,0.009916189410849558,0.16264829196734354,0.009274219395592809,4.3514898607099894e-05
5,1,0.004166666666666667,np,0.15,layer_2,Layer 2,1,0.008441840987507021,0.07393523375503719,0.00925773911876604,4.746296463054023e-05
5,1,0.004166666666666667,np,0.15,layer_3,Layer 3,2,0.16043822799680735,0.9846533536911011,0.015552839846350253,5.08452798868575e-05
5,1,0.004166666666666667,np_fan_in,0.1,all,All layers,-1,0.06555615718170885,0.6066148392856121,0.010097283171489835,4.308516577111732e-05
5,1,0.004166666666666667,np_fan_in,0.1,layer_1,Layer 1,0,0.0033421710232005354,0.06918524182401597,0.010247514466755092,4.496331393966102e-05
5,1,0.004166666666666667,np_fan_in,0.1,layer_2,Layer 2,1,0.009285863545922741,0.16486157500185072,0.00919211923610419,4.090442826054641e-05
5,1,0.004166666666666667,np_fan_in,0.1,layer_3,Layer 3,2,0.1792583218765988,0.9563283398747444,0.01613674231339246,4.550590082885719e-05
5,1,0.004166666666666667,np_fixed,0.3,all,All layers,-1,0.06611953797831424,0.6101534063927829,0.010179270640946925,4.575385128191556e-05
5,1,0.004166666666666667,np_fixed,0.3,layer_1,Layer 1,0,0.01020427738010691,0.1260553002357483,0.010416749166324735,4.553645567284548e-05
5,1,0.004166666666666667,np_fixed,0.3,layer_2,Layer 2,1,0.0082923852515061,0.08966706530191004,0.009103617572691292,4.077660400980676e-05
5,1,0.004166666666666667,np_fixed,0.3,layer_3,Layer 3,2,0.19916580745454365,0.8176006898283958,0.016884672339074314,8.731100012937532e-05
5,1,0.004166666666666667,wp,0.225,all,All layers,-1,0.020193315335865235,0.2680099280551076,0.0691425814293325,0.0003001772092829924
5,1,0.004166666666666667,wp,0.225,layer_1,Layer 1,0,-0.00034921747580938264,-0.008897005347535014,0.06877351365983486,0.0002911073479481274
5,1,0.004166666666666667,wp,0.225,layer_2,Layer 2,1,0.006177511848917069,0.09807593654841185,0.06827442068606615,0.0002970203695440432
5,1,0.004166666666666667,wp,0.225,layer_3,Layer 3,2,0.06895633850576625,0.5424420461058617,0.07904044073075056,0.0003979907214670675
5,120,0.5,np,0.15,all,All layers,-1,0.08278243896207868,0.6871135178953409,0.008133859082590789,3.874015465044067e-05
5,120,0.5,np,0.15,layer_1,Layer 1,0,0.023053444607232146,0.3578356020152569,0.007824618311133236,3.5829495573125314e-05
5,120,0.5,np,0.15,layer_2,Layer 2,1,0.03437048255577224,0.47637581918388605,0.007782356173265725,3.4721312431429396e-05
5,120,0.5,np,0.15,layer_3,Layer 3,2,0.23026449606598665,0.8286003191024065,0.013419812661595643,9.417619810392353e-05
5,120,0.5,np_fan_in,0.1,all,All layers,-1,0.08354363016058718,0.7578501887619495,0.00881983619183302,3.320401856399258e-05
5,120,0.5,np_fan_in,0.1,layer_1,Layer 1,0,0.02526412654002949,0.3822161089628935,0.009004533872939646,3.636748829194403e-05
5,120,0.5,np_fan_in,0.1,layer_2,Layer 2,1,0.033684501600045755,0.5686139538884163,0.007976388151291758,2.5668584953564277e-05
5,120,0.5,np_fan_in,0.1,layer_3,Layer 3,2,0.2298329591723814,0.9280294626951218,0.014089831849560142,6.81797246215865e-05
5,120,0.5,np_fixed,0.3,all,All layers,-1,0.08597009218541038,0.7468260750174522,0.008864335250109434,3.663751067506382e-05
5,120,0.5,np_fixed,0.3,layer_1,Layer 1,0,0.026727079861135886,0.3893576180562377,0.009017624543048441,3.974201945311506e-05
5,120,0.5,np_fixed,0.3,layer_2,Layer 2,1,0.04244395040080917,0.5899284966289997,0.008052125805988908,2.7864607318406343e-05
5,120,0.5,np_fixed,0.3,layer_3,Layer 3,2,0.21890086712701307,0.8281782548874617,0.014135699137113988,8.198467480724503e-05
5,120,0.5,wp,0.225,all,All layers,-1,0.026169008166349764,0.36128864623606205,0.06227934267371893,0.00027287862030789256
5,120,0.5,wp,0.225,layer_1,Layer 1,0,0.011765388875887576,0.18461352679878473,0.06186963338404894,0.0002475549299560953
5,120,0.5,wp,0.225,layer_2,Layer 2,1,0.00864133854433741,0.13343944837106392,0.061544143594801426,0.00028581577498698607
5,120,0.5,wp,0.225,layer_3,Layer 3,2,0.0853934527627075,0.6546332691796124,0.07143864640966058,0.00037197086930973455
5,240,1.0,np,0.15,all,All layers,-1,0.15250080042540476,0.8076318576931953,0.005537295714020729,2.873455696317251e-05
5,240,1.0,np,0.15,layer_1,Layer 1,0,0.04999654171570285,0.6108757182955742,0.005213975178776309,2.1089248662065074e-05
5,240,1.0,np,0.15,layer_2,Layer 2,1,0.10998886609127112,0.7495640618726611,0.0051781373913399875,2.4396751655331173e-05
5,240,1.0,np,0.15,layer_3,Layer 3,2,0.3411265382505614,0.8453670479357243,0.010997124365530908,0.00012459946219678386
5,240,1.0,np_fan_in,0.1,all,All layers,-1,0.12943325832477515,0.7943208999931812,0.006588317279238254,2.7163363483850844e-05
5,240,1.0,np_fan_in,0.1,layer_1,Layer 1,0,0.041164855576820966,0.5329584628343582,0.006795554189011455,2.881474893001723e-05
5,240,1.0,np_fan_in,0.1,layer_2,Layer 2,1,0.09082726534600927,0.7677300572395325,0.005698143970221281,1.7922818415172515e-05
5,240,1.0,np_fan_in,0.1,layer_3,Layer 3,2,0.29851243754674217,0.882736336439848,0.012051806086674333,8.787665001364076e-05
5,240,1.0,np_fixed,0.3,all,All layers,-1,0.1288247089014476,0.8271144293248653,0.006655497127212584,2.568415607129282e-05
5,240,1.0,np_fixed,0.3,layer_1,Layer 1,0,0.04998839457246807,0.6227703467011452,0.006918910949025303,2.670731623766187e-05
5,240,1.0,np_fixed,0.3,layer_2,Layer 2,1,0.08739249609520812,0.7738425359129906,0.005745834961999208,1.756624448034927e-05
5,240,1.0,np_fixed,0.3,layer_3,Layer 3,2,0.29795392979382695,0.808504905551672,0.011825482593849301,8.244216905950452e-05
5,240,1.0,wp,0.225,all,All layers,-1,0.048520723923650165,0.5246147150173783,0.05347151821479201,0.0002611645159049658
5,240,1.0,wp,0.225,layer_1,Layer 1,0,0.012828716972537298,0.2081844201311469,0.05290322611108422,0.0002566145576565759
5,240,1.0,wp,0.225,layer_2,Layer 2,1,0.03222379150032187,0.38645825255662203,0.05293186940252781,0.00024640744777570944
5,240,1.0,wp,0.225,layer_3,Layer 3,2,0.14886384872324165,0.7622202026541345,0.06233505392447114,0.00041562067963241134
6,1,0.004166666666666667,np,0.15,all,All layers,-1,0.08945452103143149,0.6926442598924041,0.01050914404913783,4.9930341219805996e-05
6,1,0.004166666666666667,np,0.15,layer_1,Layer 1,0,0.00781737679953191,0.1268312914762646,0.01018594007473439,4.0198791793955024e-05
6,1,0.004166666666666667,np,0.15,layer_2,Layer 2,1,0.014994268034646058,0.19820508873090148,0.009963838383555412,4.859599289375183e-05
6,1,0.004166666666666667,np,0.15,layer_3,Layer 3,2,0.22333609587270375,0.9535047709941864,0.01745722012128681,0.00013845748117091716
6,1,0.004166666666666667,np_fan_in,0.1,all,All layers,-1,0.09551178019773943,0.7798278480768204,0.010217649163678288,4.0600275724500534e-05
6,1,0.004166666666666667,np_fan_in,0.1,layer_1,Layer 1,0,0.0020975551880079973,0.04454168945085257,0.010612490004859865,4.227811655255209e-05
6,1,0.004166666666666667,np_fan_in,0.1,layer_2,Layer 2,1,0.021670675460173545,0.35812394693493843,0.008842259005177766,3.6042537658431684e-05
6,1,0.004166666666666667,np_fan_in,0.1,layer_3,Layer 3,2,0.2677185454414333,0.9921441972255707,0.018062046612612903,6.363944754639306e-05
6,1,0.004166666666666667,np_fixed,0.3,all,All layers,-1,0.09290065910299365,0.7323179952800274,0.010006339172832668,4.271758257345937e-05
6,1,0.004166666666666667,np_fixed,0.3,layer_1,Layer 1,0,0.0026198783973920095,0.03266119724139571,0.010448732879012823,4.0671666738489876e-05
6,1,0.004166666666666667,np_fixed,0.3,layer_2,Layer 2,1,0.020886281071580016,0.2698774849995971,0.008552183455321938,3.980248334300995e-05
6,1,0.004166666666666667,np_fixed,0.3,layer_3,Layer 3,2,0.2564155817242863,0.9936745911836624,0.018100432702340186,8.240569559347932e-05
6,1,0.004166666666666667,wp,0.225,all,All layers,-1,0.03945633218487501,0.4816184062510729,0.0803503068163991,0.0003509131529426668
6,1,0.004166666666666667,wp,0.225,layer_1,Layer 1,0,0.0018964694449645474,0.020798134617507458,0.07934308517724276,0.0003206618657713989
6,1,0.004166666666666667,wp,0.225,layer_2,Layer 2,1,0.01121610406322399,0.16996070090681314,0.07978404965251684,0.00038887158370926045
6,1,0.004166666666666667,wp,0.225,layer_3,Layer 3,2,0.13898865778674008,0.8999996557831764,0.09293814096599817,0.00028925593869644217
6,120,0.5,np,0.15,all,All layers,-1,0.2142727911596523,0.9230867177248001,0.005961714196018875,3.274308483014465e-05
6,120,0.5,np,0.15,layer_1,Layer 1,0,0.05954629919987345,0.6738835722208023,0.005603446043096483,2.108400758515927e-05
6,120,0.5,np,0.15,layer_2,Layer 2,1,0.15096412931180178,0.8677444905042648,0.005614944209810346,3.831758061778601e-05
6,120,0.5,np,0.15,layer_3,Layer 3,2,0.463273780727468,0.9929892048239708,0.011602017912082374,8.141973603414954e-05
6,120,0.5,np_fan_in,0.1,all,All layers,-1,0.19013310650924117,0.923709511756897,0.006783639080822468,3.0114154014881933e-05
6,120,0.5,np_fan_in,0.1,layer_1,Layer 1,0,0.053737455832614,0.6525426954030991,0.006871478632092476,2.6388565402157838e-05
6,120,0.5,np_fan_in,0.1,layer_2,Layer 2,1,0.12987950762653783,0.8477211147546768,0.005861954530701041,2.7169323743692075e-05
6,120,0.5,np_fan_in,0.1,layer_3,Layer 3,2,0.43283245782804447,0.9870349019765854,0.013454399886541069,8.347749417225714e-05
6,120,0.5,np_fixed,0.3,all,All layers,-1,0.205790362159712,0.9435037523508072,0.006635650468524545,3.252382452956226e-05
6,120,0.5,np_fixed,0.3,layer_1,Layer 1,0,0.049735189887898434,0.6223789043724537,0.006794636254198849,2.810646469697531e-05
6,120,0.5,np_fixed,0.3,layer_2,Layer 2,1,0.14059779999149857,0.8789477050304413,0.005699305736925453,2.510687545509427e-05
6,120,0.5,np_fixed,0.3,layer_3,Layer 3,2,0.45535537736917225,0.9894579127430916,0.012854520813561976,0.00012719827418550267
6,120,0.5,wp,0.225,all,All layers,-1,0.0762474054244611,0.7096009366214275,0.05936971306800842,0.00027407043307903223
6,120,0.5,wp,0.225,layer_1,Layer 1,0,0.018992174826651838,0.2632164219394326,0.05837034806609154,0.0002464516037434805
6,120,0.5,wp,0.225,layer_2,Layer 2,1,0.05022340931747446,0.5649559404700994,0.058782477863132954,0.0002826284762704745
6,120,0.5,wp,0.225,layer_3,Layer 3,2,0.2284736538196834,0.949038989841938,0.072062480263412,0.0004265566276444588
6,240,1.0,np,0.15,all,All layers,-1,0.18323068934974268,0.8452659770846367,0.0057693024864420295,3.0480108080155333e-05
6,240,1.0,np,0.15,layer_1,Layer 1,0,0.05278738794194737,0.6387317217886448,0.005360115610528737,2.1567571593550383e-05
6,240,1.0,np,0.15,layer_2,Layer 2,1,0.13254127471226032,0.8361905664205551,0.0055613415606785566,2.8861952614533948e-05
6,240,1.0,np,0.15,layer_3,Layer 3,2,0.37862940787260113,0.969437874853611,0.010706484026741236,0.00011472563437564531
6,240,1.0,np_fan_in,0.1,all,All layers,-1,0.16531682823303984,0.8571187108755112,0.00652825681027025,2.9473803124346887e-05
6,240,1.0,np_fan_in,0.1,layer_1,Layer 1,0,0.05004394283905876,0.616281945258379,0.006808438978623599,2.5103129701165017e-05
6,240,1.0,np_fan_in,0.1,layer_2,Layer 2,1,0.1252734467717801,0.8444998860359192,0.005545432271901518,2.439192462588835e-05
6,240,1.0,np_fan_in,0.1,layer_3,Layer 3,2,0.3741180646779261,0.9190195202827454,0.012149394489824772,0.0001050942123583809
6,240,1.0,np_fixed,0.3,all,All layers,-1,0.15603006823638832,0.8702342808246613,0.006549063429702073,3.638801285887894e-05
6,240,1.0,np_fixed,0.3,layer_1,Layer 1,0,0.039077118885683146,0.5142614953219891,0.006751527020242065,2.924500267909025e-05
6,240,1.0,np_fixed,0.3,layer_2,Layer 2,1,0.09822658545566204,0.7485347632318735,0.005568373890127987,2.9937551005332352e-05
6,240,1.0,np_fixed,0.3,layer_3,Layer 3,2,0.35398344256294273,0.9738171771168709,0.012774869333952665,0.00014513579299091361
6,240,1.0,wp,0.225,all,All layers,-1,0.05852887038307321,0.5892016850411892,0.057364632841199636,0.00029391309908533003
6,240,1.0,wp,0.225,layer_1,Layer 1,0,0.01755093136125178,0.2598395999521017,0.05655024340376258,0.00024802628286124673
6,240,1.0,wp,0.225,layer_2,Layer 2,1,0.039893782405935475,0.46819234639406204,0.05692613450810313,0.0003145594491797965
6,240,1.0,wp,0.225,layer_3,Layer 3,2,0.17467359457411175,0.8699794486165047,0.06738772569224238,0.0004958367553626886
7,1,0.004166666666666667,np,0.15,all,All layers,-1,0.07979787113101035,0.7171508688479662,0.009586822357960045,4.2228764186802437e-05
7,1,0.004166666666666667,np,0.15,layer_1,Layer 1,0,0.012210301077667888,0.2062551686540246,0.00923581060487777,3.3266328728132066e-05
7,1,0.004166666666666667,np,0.15,layer_2,Layer 2,1,0.017079600717655314,0.15252566104754806,0.00929545285180211,5.353739584279538e-05
7,1,0.004166666666666667,np,0.15,layer_3,Layer 3,2,0.22991888264368754,0.991915687918663,0.014725874527357519,2.3459201123898765e-05
7,1,0.004166666666666667,np_fan_in,0.1,all,All layers,-1,0.07697319194133646,0.7159057594835758,0.00987748964689672,4.13897257658391e-05
7,1,0.004166666666666667,np_fan_in,0.1,layer_1,Layer 1,0,0.010810326640644519,0.19333588518202305,0.010514193098060787,4.157782404945465e-05
7,1,0.004166666666666667,np_fan_in,0.1,layer_2,Layer 2,1,0.022634273993677803,0.33758315024897456,0.008537800866179168,3.625803685736173e-05
7,1,0.004166666666666667,np_fan_in,0.1,layer_3,Layer 3,2,0.24412877513677816,0.9881419166922569,0.015501375310122967,8.093845326584415e-05
7,1,0.004166666666666667,np_fixed,0.3,all,All layers,-1,0.08952960519632143,0.7977550327777863,0.009886245941743255,3.9116400557759334e-05
7,1,0.004166666666666667,np_fixed,0.3,layer_1,Layer 1,0,0.009920558901110134,0.14978732890449464,0.010409071343019605,4.1294646507594734e-05
7,1,0.004166666666666667,np_fixed,0.3,layer_2,Layer 2,1,0.020523025081295526,0.35626120679080486,0.008504790544975549,3.0531012953360914e-05
7,1,0.004166666666666667,np_fixed,0.3,layer_3,Layer 3,2,0.25092664894521777,0.994810938835144,0.016755283810198307,9.037354595875513e-05
7,1,0.004166666666666667,wp,0.225,all,All layers,-1,0.02740508963282385,0.3473306565429084,0.06909214844927192,0.00031254444911610335
7,1,0.004166666666666667,wp,0.225,layer_1,Layer 1,0,-0.0005133651068717879,-0.01205072645097971,0.06836208468303084,0.00028797216873499565
7,1,0.004166666666666667,wp,0.225,layer_2,Layer 2,1,0.0047591607033079224,0.05882036569528282,0.06839256780222058,0.00032294630545948166
7,1,0.004166666666666667,wp,0.225,layer_3,Layer 3,2,0.10003754797457182,0.659377109259367,0.08052928652614355,0.00042590788871166296
7,120,0.5,np,0.15,all,All layers,-1,0.08533415206823823,0.747561439871788,0.005500830942764878,2.629400660225656e-05
7,120,0.5,np,0.15,layer_1,Layer 1,0,0.04976751334491685,0.5938249826431274,0.005128301563672721,2.301702670592931e-05
7,120,0.5,np,0.15,layer_2,Layer 2,1,0.05686196172546261,0.646145261824131,0.00521107210079208,2.4936407953646267e-05
7,120,0.5,np,0.15,layer_3,Layer 3,2,0.18946957047658847,0.9686652421951294,0.010799134150147438,6.337063587125158e-05
7,120,0.5,np_fan_in,0.1,all,All layers,-1,0.09034630874519961,0.7604190930724144,0.006372684263624251,2.8847978910562233e-05
7,120,0.5,np_fan_in,0.1,layer_1,Layer 1,0,0.04250101236104153,0.5384146347641945,0.006389767047949135,2.88911433017347e-05
7,120,0.5,np_fan_in,0.1,layer_2,Layer 2,1,0.07148881902715706,0.7205888517200947,0.005588464351603761,2.2347689082380384e-05
7,120,0.5,np_fan_in,0.1,layer_3,Layer 3,2,0.18453103766078888,0.918632984161377,0.012509782798588276,8.050498308875831e-05
7,120,0.5,np_fixed,0.3,all,All layers,-1,0.09815100854671831,0.7933327704668045,0.006250058126170188,2.9315358688108972e-05
7,120,0.5,np_fixed,0.3,layer_1,Layer 1,0,0.049418836021316304,0.5840524286031723,0.006374352553393692,2.8718002113237162e-05
7,120,0.5,np_fixed,0.3,layer_2,Layer 2,1,0.0630939015972975,0.714134469628334,0.0056000243639573455,2.2032853166820132e-05
7,120,0.5,np_fixed,0.3,layer_3,Layer 3,2,0.2238570980587004,0.9361093267798424,0.010455969953909516,9.235426796294632e-05
7,120,0.5,wp,0.225,all,All layers,-1,0.03528983594069359,0.4287512507289648,0.0526342005468905,0.0002604668516141828
7,120,0.5,wp,0.225,layer_1,Layer 1,0,0.020182859323951637,0.2905865143984556,0.051849170587956905,0.00023351727759290952
7,120,0.5,wp,0.225,layer_2,Layer 2,1,0.02228593323992527,0.29521106625907123,0.05225406587123871,0.0002664271250978345
7,120,0.5,wp,0.225,layer_3,Layer 3,2,0.09770446469601665,0.737366734072566,0.061955530662089586,0.0004283812268113252
7,240,1.0,np,0.15,all,All layers,-1,0.08318215007078228,0.7038862146437168,0.005346205522073433,3.1399415547639364e-05
7,240,1.0,np,0.15,layer_1,Layer 1,0,0.04317237432152486,0.5378751382231712,0.004989050154108554,2.2139654674901976e-05
7,240,1.0,np,0.15,layer_2,Layer 2,1,0.05710195158474107,0.5572100388817489,0.005059981718659401,3.085645954570282e-05
7,240,1.0,np,0.15,layer_3,Layer 3,2,0.16486751818447376,0.8921738639473915,0.010493239969946444,0.00010982117100866162
7,240,1.0,np_fan_in,0.1,all,All layers,-1,0.07756260900790343,0.6972105540335178,0.006471249565947801,3.309289945718774e-05
7,240,1.0,np_fan_in,0.1,layer_1,Layer 1,0,0.03615826948922536,0.5083327814936638,0.006651310948655009,2.6542303430687753e-05
7,240,1.0,np_fan_in,0.1,layer_2,Layer 2,1,0.055939959137231196,0.6570274122059345,0.005715855601010844,2.3648686010346864e-05
7,240,1.0,np_fan_in,0.1,layer_3,Layer 3,2,0.15626176700995226,0.7910777162760496,0.011073904926888645,0.00016105139275168767
7,240,1.0,np_fixed,0.3,all,All layers,-1,0.0725018796964226,0.6487910747528076,0.006370375107508153,3.468058093858417e-05
7,240,1.0,np_fixed,0.3,layer_1,Layer 1,0,0.04278394787030114,0.5501285642385483,0.00657467421842739,2.7481734150569537e-05
7,240,1.0,np_fixed,0.3,layer_2,Layer 2,1,0.04090331001737771,0.4019761858507991,0.0055574586731381714,3.0045345624785114e-05
7,240,1.0,np_fixed,0.3,layer_3,Layer 3,2,0.15627884451177276,0.7834954904392362,0.011239310842938721,0.0001293532377530937
7,240,1.0,wp,0.225,all,All layers,-1,0.02601757184850939,0.3250028041366022,0.052158938720822334,0.00027256383327767253
7,240,1.0,wp,0.225,layer_1,Layer 1,0,0.008016119201336854,0.14926012558862567,0.05168146826326847,0.0002229201218142407
7,240,1.0,wp,0.225,layer_2,Layer 2,1,0.015344867500546875,0.21837434638291597,0.051408547442406416,0.0002765025619737571
7,240,1.0,wp,0.225,layer_3,Layer 3,2,0.07712668252048994,0.4850930832326412,0.061981824692338705,0.0006382037026924081
8,1,0.004166666666666667,np,0.15,all,All layers,-1,0.06510916675044882,0.5837799869477749,0.009567288216203451,4.620107915798144e-05
8,1,0.004166666666666667,np,0.15,layer_1,Layer 1,0,0.003234864285923323,0.030106968013569713,0.009178174077533185,4.0044634260993917e-05
8,1,0.004166666666666667,np,0.15,layer_2,Layer 2,1,0.003838392477900736,0.051987975370138884,0.009196639177389443,4.749784125124279e-05
8,1,0.004166666666666667,np,0.15,layer_3,Layer 3,2,0.1861470811729911,0.9873473346233368,0.015645391773432493,8.507853937089749e-05
8,1,0.004166666666666667,np_fan_in,0.1,all,All layers,-1,0.07252366717642265,0.6469469331204891,0.010055893566459417,4.381895450933371e-05
8,1,0.004166666666666667,np_fan_in,0.1,layer_1,Layer 1,0,0.012701439382756993,0.1931351786479354,0.010280493414029479,4.146513720115763e-05
8,1,0.004166666666666667,np_fan_in,0.1,layer_2,Layer 2,1,0.02800649154466252,0.3196965716779232,0.008929810079280287,4.328046657064988e-05
8,1,0.004166666666666667,np_fan_in,0.1,layer_3,Layer 3,2,0.19624839894264975,0.9831466898322105,0.017267759889364243,6.695739682527346e-05
8,1,0.004166666666666667,np_fixed,0.3,all,All layers,-1,0.061451925320363546,0.6036220118403435,0.009827002533711493,3.5524687973520486e-05
8,1,0.004166666666666667,np_fixed,0.3,layer_1,Layer 1,0,0.009311541833519676,0.14704524772241712,0.010084978071972728,3.607950861805875e-05
8,1,0.004166666666666667,np_fixed,0.3,layer_2,Layer 2,1,0.012765285690951107,0.1710858469014056,0.00877239613328129,3.212878596059454e-05
8,1,0.004166666666666667,np_fixed,0.3,layer_3,Layer 3,2,0.1775910913789024,0.9783044680953026,0.01620005036238581,5.825330808306717e-05
8,1,0.004166666666666667,wp,0.225,all,All layers,-1,0.023294541762567178,0.31956725381314754,0.07113789580762386,0.0003041783875232795
8,1,0.004166666666666667,wp,0.225,layer_1,Layer 1,0,0.0009584509095399578,1.586414873600006e-05,0.07089801412075758,0.00027981065977655817
8,1,0.004166666666666667,wp,0.225,layer_2,Layer 2,1,0.002320386965402577,0.03755635838024318,0.07000389229506254,0.000327414098137524
8,1,0.004166666666666667,wp,0.225,layer_3,Layer 3,2,0.08613084758056477,0.7305443771183491,0.0821289625018835,0.0003132345382255153
8,120,0.5,np,0.15,all,All layers,-1,0.11781658080455487,0.7911350205540657,0.005543537758057937,2.9067047535136226e-05
8,120,0.5,np,0.15,layer_1,Layer 1,0,0.04643846526751076,0.5983233042061329,0.0051844423287548125,2.0189698602735007e-05
8,120,0.5,np,0.15,layer_2,Layer 2,1,0.08282017057717894,0.6693097092211246,0.005255631782347336,2.7093881044493173e-05
8,120,0.5,np,0.15,layer_3,Layer 3,2,0.2539900772603384,0.9033346325159073,0.010719551821239293,0.00011587116523514851
8,120,0.5,np_fan_in,0.1,all,All layers,-1,0.09827557668485204,0.7692160755395889,0.006364169763401151,2.857991489690903e-05
8,120,0.5,np_fan_in,0.1,layer_1,Layer 1,0,0.03863199240381855,0.5414438433945179,0.0062671618652530015,2.3421979221893707e-05
8,120,0.5,np_fan_in,0.1,layer_2,Layer 2,1,0.07811387814391157,0.706710385158658,0.005741158849559724,2.4900614221223805e-05
8,120,0.5,np_fan_in,0.1,layer_3,Layer 3,2,0.1938360887269179,0.9106270223855972,0.012124322005547583,9.927780456564506e-05
8,120,0.5,np_fixed,0.3,all,All layers,-1,0.10359374442927372,0.6118794116191566,0.006426800217013806,4.638056020667136e-05
8,120,0.5,np_fixed,0.3,layer_1,Layer 1,0,0.05002332736739277,0.5836259536445141,0.006369232491124421,3.003028359671589e-05
8,120,0.5,np_fixed,0.3,layer_2,Layer 2,1,0.06469647423665634,0.5112583041191101,0.005712981917895377,3.1913380553305615e-05
8,120,0.5,np_fixed,0.3,layer_3,Layer 3,2,0.23859542188123062,0.571025624871254,0.012597889639437199,0.00029292022736626677
8,120,0.5,wp,0.225,all,All layers,-1,0.039432679833593436,0.46191296726465225,0.0562285496853292,0.0002511618313292274
8,120,0.5,wp,0.225,layer_1,Layer 1,0,0.017939372193552572,0.26550189638510346,0.05557021079584956,0.00022487822207040153
8,120,0.5,wp,0.225,layer_2,Layer 2,1,0.028562830109755546,0.3646284001879394,0.05562519282102585,0.0002636210592754651
8,120,0.5,wp,0.225,layer_3,Layer 3,2,0.11252009706712063,0.6765711270272732,0.06632211105898023,0.0003617567945184419
8,240,1.0,np,0.15,all,All layers,-1,0.09355296625051324,0.7107584960758686,0.005414682673290372,3.943118395000056e-05
8,240,1.0,np,0.15,layer_1,Layer 1,0,0.047419400643699795,0.5951920337975025,0.00500815809937194,2.224388094873575e-05
8,240,1.0,np,0.15,layer_2,Layer 2,1,0.06325275697002629,0.4773861737921834,0.0051726979145314544,4.58645258731849e-05
8,240,1.0,np,0.15,layer_3,Layer 3,2,0.20951284020702587,0.8752078711986542,0.010602755704894662,0.00012546286234282888
8,240,1.0,np_fan_in,0.1,all,All layers,-1,0.0778563215417004,0.6480564922094345,0.00616453995462507,3.4960977700393414e-05
8,240,1.0,np_fan_in,0.1,layer_1,Layer 1,0,0.037841165610666395,0.5240141339600086,0.006141734076663852,2.2464066205429845e-05
8,240,1.0,np_fan_in,0.1,layer_2,Layer 2,1,0.04974360097820257,0.49611398950219154,0.005518718826351687,3.194159796748863e-05
8,240,1.0,np_fan_in,0.1,layer_3,Layer 3,2,0.17368288293801015,0.739773832494393,0.011513553210534155,0.00015909129797364585
8,240,1.0,np_fixed,0.3,all,All layers,-1,0.08978907312773382,0.6856793537735939,0.006275747029576451,3.675952507364855e-05
8,240,1.0,np_fixed,0.3,layer_1,Layer 1,0,0.035532134652773564,0.49445182643830776,0.006308526324573904,2.5000949108289205e-05
8,240,1.0,np_fixed,0.3,layer_2,Layer 2,1,0.05535812522652463,0.5436084074899554,0.005585118196904659,3.662738458842796e-05
8,240,1.0,np_fixed,0.3,layer_3,Layer 3,2,0.20437751425391376,0.7556519999634475,0.011538543156348169,0.00013188524690121994
8,240,1.0,wp,0.225,all,All layers,-1,0.02378226834408679,0.3098255004733801,0.05324206501245499,0.00027134220727020875
8,240,1.0,wp,0.225,layer_1,Layer 1,0,0.01109028052641937,0.172487304196693,0.05242137471213937,0.0002273364534630673
8,240,1.0,wp,0.225,layer_2,Layer 2,1,0.009124578045096617,0.12111514341086149,0.052820786368101835,0.00027100404440716375
8,240,1.0,wp,0.225,layer_3,Layer 3,2,0.07218395091516261,0.5960303861647844,0.06317783752456307,0.0006260935278987745
9,1,0.004166666666666667,np,0.15,all,All layers,-1,0.09151889546052794,0.6503029782325029,0.009955817018635571,4.533975743470364e-05
9,1,0.004166666666666667,np,0.15,layer_1,Layer 1,0,0.0087956637533163,0.12100275792181492,0.009630539105273783,3.741207558505266e-05
9,1,0.004166666666666667,np,0.15,layer_2,Layer 2,1,0.02174241338260193,0.2613440117565915,0.009455644816625863,3.637240251919138e-05
9,1,0.004166666666666667,np,0.15,layer_3,Layer 3,2,0.2699377372501961,0.8288716785609722,0.016559419338591397,0.0001805000592298711
9,1,0.004166666666666667,np_fan_in,0.1,all,All layers,-1,0.12223076736657579,0.7835189290344715,0.010098734172061086,4.676760113397904e-05
9,1,0.004166666666666667,np_fan_in,0.1,layer_1,Layer 1,0,0.008915847638688017,0.11270989384502172,0.010526026017032564,5.026191638535238e-05
9,1,0.004166666666666667,np_fan_in,0.1,layer_2,Layer 2,1,0.011057318208031575,0.20099967543501407,0.008881376008503139,4.215564899823221e-05
9,1,0.004166666666666667,np_fan_in,0.1,layer_3,Layer 3,2,0.33538041851328065,0.9446551278233528,0.016419260064139962,5.570867546111913e-05
9,1,0.004166666666666667,np_fixed,0.3,all,All layers,-1,0.11318460052322431,0.7755225272849202,0.010032392106950283,3.840252497866459e-05
9,1,0.004166666666666667,np_fixed,0.3,layer_1,Layer 1,0,0.004289414671749607,0.042164092883467674,0.010408172267489135,4.351573170424672e-05
9,1,0.004166666666666667,np_fixed,0.3,layer_2,Layer 2,1,0.016265317766525792,0.23893099499400705,0.008794984605628997,3.41147730296143e-05
9,1,0.004166666666666667,np_fixed,0.3,layer_3,Layer 3,2,0.2995286020808332,0.8862178884446621,0.016925406525842845,3.179888730642233e-05
9,1,0.004166666666666667,wp,0.225,all,All layers,-1,0.042157944773074024,0.4894872037693858,0.07351487316191196,0.0003367265708220657
9,1,0.004166666666666667,wp,0.225,layer_1,Layer 1,0,0.005916281618604557,0.10098657989874482,0.0729874880053103,0.0002883377637772355
9,1,0.004166666666666667,wp,0.225,layer_2,Layer 2,1,0.009743980190220707,0.12643699906766415,0.07298837322741747,0.0003740017200470902
9,1,0.004166666666666667,wp,0.225,layer_3,Layer 3,2,0.1494914770998245,0.7886493876576424,0.08194590546190739,0.00042563558417896274
9,120,0.5,np,0.15,all,All layers,-1,0.08407117300885147,0.6731234677135944,0.009429003286641091,4.982451218893402e-05
9,120,0.5,np,0.15,layer_1,Layer 1,0,0.016312566352790252,0.23433750309050083,0.009042869613040239,3.886864351443364e-05
9,120,0.5,np,0.15,layer_2,Layer 2,1,0.026088867663474954,0.3366215070709586,0.009174910373985767,4.54794860615948e-05
9,120,0.5,np,0.15,layer_3,Layer 3,2,0.23143508101663124,0.7853891402482986,0.014550810912624002,0.00017223168197233463
9,120,0.5,np_fan_in,0.1,all,All layers,-1,0.078322140405506,0.6994600966572762,0.009516935679130256,4.367147971606755e-05
9,120,0.5,np_fan_in,0.1,layer_1,Layer 1,0,0.011813512022005548,0.17754155700094998,0.010014109197072685,4.4561801814779756e-05
9,120,0.5,np_fan_in,0.1,layer_2,Layer 2,1,0.029396380825479202,0.3859894387423992,0.008206345373764634,4.217679679641151e-05
9,120,0.5,np_fan_in,0.1,layer_3,Layer 3,2,0.22136797751997317,0.9728242754936218,0.016024266718886793,4.8506341272513964e-05
9,120,0.5,np_fixed,0.3,all,All layers,-1,0.06946676151390722,0.6779092513024807,0.009378935908898711,4.151976349930919e-05
9,120,0.5,np_fixed,0.3,layer_1,Layer 1,0,0.011355164681096614,0.15720504289492965,0.00980688736308366,4.179291636319249e-05
9,120,0.5,np_fixed,0.3,layer_2,Layer 2,1,0.019446486726307437,0.2920415997505188,0.00813298049615696,3.067501847908716e-05
9,120,0.5,np_fixed,0.3,layer_3,Layer 3,2,0.18812195349116034,0.96701580286026,0.01592297130264342,0.00012609249938577705
9,120,0.5,wp,0.225,all,All layers,-1,0.029160540951916877,0.3723374493420124,0.07065212726593018,0.0003147734678350389
9,120,0.5,wp,0.225,layer_1,Layer 1,0,0.007983893590953054,0.13980119861662388,0.07045165728777647,0.00028925274637003895
9,120,0.5,wp,0.225,layer_2,Layer 2,1,0.00671787430197052,0.08595414433511905,0.06974119087681174,0.0003363486976013519
9,120,0.5,wp,0.225,layer_3,Layer 3,2,0.10541161603625065,0.702551007270813,0.07954336330294609,0.00034633740870049223
9,240,1.0,np,0.15,all,All layers,-1,0.12801664477048835,0.7123438594862819,0.005960374895948917,3.334281313982501e-05
9,240,1.0,np,0.15,layer_1,Layer 1,0,0.04146355089824283,0.5131814479827881,0.00553047438734211,2.7592525384534383e-05
9,240,1.0,np,0.15,layer_2,Layer 2,1,0.08326185820023208,0.5405371729284525,0.005673169274814427,3.3788048995120334e-05
9,240,1.0,np,0.15,layer_3,Layer 3,2,0.26282672886081854,0.8476068507879972,0.011697221547365189,7.578324357382371e-05
9,240,1.0,np_fan_in,0.1,all,All layers,-1,0.13724948451472302,0.6663186624646187,0.0065597351640462875,4.795479912900191e-05
9,240,1.0,np_fan_in,0.1,layer_1,Layer 1,0,0.044753822880113606,0.5483554527163506,0.006950828246772289,3.195696808688808e-05
9,240,1.0,np_fan_in,0.1,layer_2,Layer 2,1,0.10703811655625942,0.6545577421784401,0.005319076415617019,3.497450813938485e-05
9,240,1.0,np_fan_in,0.1,layer_3,Layer 3,2,0.2787663170725864,0.6471170410513878,0.01335626165382564,0.0002797797592393181
9,240,1.0,np_fixed,0.3,all,All layers,-1,0.13524634342272368,0.7147515467368066,0.006463496189098805,3.586209959394182e-05
9,240,1.0,np_fixed,0.3,layer_1,Layer 1,0,0.03969903899601377,0.5230233557522297,0.006735279108397663,2.952987438220589e-05
9,240,1.0,np_fixed,0.3,layer_2,Layer 2,1,0.09091896057522415,0.5396297052502632,0.00525197439128533,2.6230890284750785e-05
9,240,1.0,np_fixed,0.3,layer_3,Layer 3,2,0.2987104298503255,0.7601538859307766,0.013981405994854867,0.00016356956530216848
9,240,1.0,wp,0.225,all,All layers,-1,0.044916730978997066,0.45376529078930616,0.059817001689225435,0.000294795436275308
9,240,1.0,wp,0.225,layer_1,Layer 1,0,0.011903241766159074,0.19779091235250235,0.0587902725674212,0.00023236833658302203
9,240,1.0,wp,0.225,layer_2,Layer 2,1,0.03358807993529354,0.38385548116639256,0.05944752460345626,0.0003321948752272874
9,240,1.0,wp,0.225,layer_3,Layer 3,2,0.12801092208768144,0.5613054239656776,0.07098666578531265,0.0004950168950017542
