seed,condition,condition_label,input_scale,checkpoint_epoch,method,method_label,cosine,variance,batch_variance,sigma,num_batches
0,base,"[-1, 1]",1.0,1,np,IS-NP,0.6161172288120724,0.010108474525623024,4.366771213426546e-05,0.15,8
0,base,"[-1, 1]",1.0,1,np_fan_in,Fan-in NP,0.5778833008371294,0.010189598891884089,4.505608194449451e-05,0.1,8
0,base,"[-1, 1]",1.0,1,np_fixed,Vanilla NP,0.690999305807054,0.010203967685811222,4.545522097032517e-05,0.3,8
0,base,"[-1, 1]",1.0,1,wp,WP,0.2829707454657182,0.07568990904837847,0.00035059163928963244,0.225,8
0,base,"[-1, 1]",1.0,120,np,IS-NP,0.6877524442970753,0.0068183644325472414,4.031739422316605e-05,0.15,8
0,base,"[-1, 1]",1.0,120,np_fan_in,Fan-in NP,0.6986435391008854,0.007213676872197539,2.6260356662533013e-05,0.1,8
0,base,"[-1, 1]",1.0,120,np_fixed,Vanilla NP,0.629474826157093,0.007223630731459707,3.090481459366856e-05,0.3,8
0,base,"[-1, 1]",1.0,120,wp,WP,0.3243898395448923,0.05971786333248019,0.0002876065846066922,0.225,8
0,base,"[-1, 1]",1.0,240,np,IS-NP,0.7721365168690681,0.005555498704779893,3.0900660931365564e-05,0.15,8
0,base,"[-1, 1]",1.0,240,np_fan_in,Fan-in NP,0.6674594287760556,0.006444288417696953,4.089700541953789e-05,0.1,8
0,base,"[-1, 1]",1.0,240,np_fixed,Vanilla NP,0.78089939057827,0.0064154923893511295,2.647629048624367e-05,0.3,8
0,base,"[-1, 1]",1.0,240,wp,WP,0.46275184489786625,0.05444278381764889,0.00026182291367149446,0.225,8
0,scaled,"[-5, 5]",5.0,1,np,IS-NP,0.7046141773462296,0.010455738171003759,4.57887040283822e-05,0.15,8
0,scaled,"[-5, 5]",5.0,1,np_fan_in,Fan-in NP,0.3923960169777274,0.09962501563131809,0.00039977651613298804,0.1,8
0,scaled,"[-5, 5]",5.0,1,np_fixed,Vanilla NP,0.4060806706547737,0.09998802281916142,0.0004288544259907212,0.3,8
0,scaled,"[-5, 5]",5.0,1,wp,WP,0.3253373196348548,0.07782009430229664,0.0003602594842959661,0.225,8
0,scaled,"[-5, 5]",5.0,120,np,IS-NP,0.7386678159236908,0.005739905405789614,4.736120263260091e-05,0.15,8
0,scaled,"[-5, 5]",5.0,120,np_fan_in,Fan-in NP,0.49506838619709015,0.04975459864363074,0.00021055227443866897,0.1,8
0,scaled,"[-5, 5]",5.0,120,np_fixed,Vanilla NP,0.5218406897038221,0.050711377058178186,0.00020109402066736948,0.3,8
0,scaled,"[-5, 5]",5.0,120,wp,WP,0.4119512103497982,0.05861557926982641,0.00030271334617282264,0.225,8
0,scaled,"[-5, 5]",5.0,240,np,IS-NP,0.8197480738162994,0.005887231382075697,4.546274067251943e-05,0.15,8
0,scaled,"[-5, 5]",5.0,240,np_fan_in,Fan-in NP,0.5678578075021505,0.04757245723158121,0.0002096663556585554,0.1,8
0,scaled,"[-5, 5]",5.0,240,np_fixed,Vanilla NP,0.6256316229701042,0.047156676184386015,0.00019986438383057248,0.3,8
0,scaled,"[-5, 5]",5.0,240,wp,WP,0.459435660392046,0.06173960631713271,0.00033239962431252934,0.225,8
1,base,"[-1, 1]",1.0,1,np,IS-NP,0.7287481855601072,0.011003145889844745,4.7309765932368464e-05,0.15,8
1,base,"[-1, 1]",1.0,1,np_fan_in,Fan-in NP,0.7506301142275333,0.010441551450639963,4.079975860804552e-05,0.1,8
1,base,"[-1, 1]",1.0,1,np_fixed,Vanilla NP,0.6756349690258503,0.010405789595097303,4.646072557079606e-05,0.3,8
1,base,"[-1, 1]",1.0,1,wp,WP,0.5133881019428372,0.0792113202624023,0.0003738788163900608,0.225,8
1,base,"[-1, 1]",1.0,120,np,IS-NP,0.8050081953406334,0.006560518930200487,4.2699288997027907e-05,0.15,8
1,base,"[-1, 1]",1.0,120,np_fan_in,Fan-in NP,0.7964683659374714,0.006584725633729249,4.1751735807338264e-05,0.1,8
1,base,"[-1, 1]",1.0,120,np_fixed,Vanilla NP,0.811472836881876,0.006583509501069784,3.7097967378940666e-05,0.3,8
1,base,"[-1, 1]",1.0,120,wp,WP,0.4052057443186641,0.06006281729787588,0.0002942579158116132,0.225,8
1,base,"[-1, 1]",1.0,240,np,IS-NP,0.8371985144913197,0.005742956418544054,3.579740950954147e-05,0.15,8
1,base,"[-1, 1]",1.0,240,np_fan_in,Fan-in NP,0.8546917475759983,0.0061573246493935585,3.5871128375219996e-05,0.1,8
1,base,"[-1, 1]",1.0,240,np_fixed,Vanilla NP,0.881196029484272,0.006145017803646624,5.746201691181341e-05,0.3,8
1,base,"[-1, 1]",1.0,240,wp,WP,0.5995532926172018,0.059922798071056604,0.00029968101807753555,0.225,8
1,scaled,"[-5, 5]",5.0,1,np,IS-NP,0.7608798556029797,0.010936736420262605,5.025088148613577e-05,0.15,8
1,scaled,"[-5, 5]",5.0,1,np_fan_in,Fan-in NP,0.48992679454386234,0.0989116607233882,0.00041794264325289987,0.1,8
1,scaled,"[-5, 5]",5.0,1,np_fixed,Vanilla NP,0.4448319347575307,0.09875879902392626,0.0004173485594947124,0.3,8
1,scaled,"[-5, 5]",5.0,1,wp,WP,0.5183482640422881,0.08000960992649198,0.00037585034806397744,0.225,8
1,scaled,"[-5, 5]",5.0,120,np,IS-NP,0.8742595314979553,0.005659378366544843,3.604438506954466e-05,0.15,8
1,scaled,"[-5, 5]",5.0,120,np_fan_in,Fan-in NP,0.5906460583209991,0.0470858016051352,0.00018065150652546436,0.1,8
1,scaled,"[-5, 5]",5.0,120,np_fixed,Vanilla NP,0.6064227744936943,0.04680707631632686,0.0001840997429098934,0.3,8
1,scaled,"[-5, 5]",5.0,120,wp,WP,0.48037634044885635,0.05805566580966115,0.0002893254641094245,0.225,8
1,scaled,"[-5, 5]",5.0,240,np,IS-NP,0.8096267804503441,0.0056377865839749575,3.995233237219509e-05,0.15,8
1,scaled,"[-5, 5]",5.0,240,np_fan_in,Fan-in NP,0.6098415609449148,0.044397851917892694,0.00018827806161425542,0.1,8
1,scaled,"[-5, 5]",5.0,240,np_fixed,Vanilla NP,0.6018589762970805,0.04459727555513382,0.0002117806434398517,0.3,8
1,scaled,"[-5, 5]",5.0,240,wp,WP,0.5438154600560665,0.0627000299282372,0.00031394907637150027,0.225,8
2,base,"[-1, 1]",1.0,1,np,IS-NP,0.5839819610118866,0.011340278433635831,4.947390607412672e-05,0.15,8
2,base,"[-1, 1]",1.0,1,np_fan_in,Fan-in NP,0.6144002228975296,0.011571813840419054,5.4981973335088696e-05,0.1,8
2,base,"[-1, 1]",1.0,1,np_fixed,Vanilla NP,0.5631426591426134,0.011477111373096704,4.903509443465737e-05,0.3,8
2,base,"[-1, 1]",1.0,1,wp,WP,0.3561088712885976,0.0784751265309751,0.0003639249116531573,0.225,8
2,base,"[-1, 1]",1.0,120,np,IS-NP,0.7981021776795387,0.00630883063422516,3.3779543855416705e-05,0.15,8
2,base,"[-1, 1]",1.0,120,np_fan_in,Fan-in NP,0.8550631776452065,0.006800932285841554,2.7568709811021108e-05,0.1,8
2,base,"[-1, 1]",1.0,120,np_fixed,Vanilla NP,0.8135019764304161,0.0066961817210540175,3.383671810297528e-05,0.3,8
2,base,"[-1, 1]",1.0,120,wp,WP,0.5363580919802189,0.05770226754248142,0.000271182168944506,0.225,8
2,base,"[-1, 1]",1.0,240,np,IS-NP,0.8566523268818855,0.005259814846795052,3.0868248586557456e-05,0.15,8
2,base,"[-1, 1]",1.0,240,np_fan_in,Fan-in NP,0.8648944832384586,0.006243372103199363,3.0082730745562003e-05,0.1,8
2,base,"[-1, 1]",1.0,240,np_fixed,Vanilla NP,0.8648558482527733,0.00615060213021934,2.73191872111056e-05,0.3,8
2,base,"[-1, 1]",1.0,240,wp,WP,0.5837738582631573,0.05358537659049034,0.00026990911646862514,0.225,8
2,scaled,"[-5, 5]",5.0,1,np,IS-NP,0.7168844044208527,0.011804104666225612,5.3670775287173456e-05,0.15,8
2,scaled,"[-5, 5]",5.0,1,np_fan_in,Fan-in NP,0.409616956487298,0.1141307232901454,0.0005029110252507962,0.1,8
2,scaled,"[-5, 5]",5.0,1,np_fixed,Vanilla NP,0.3714509345591068,0.11407012864947319,0.00046301401744131,0.3,8
2,scaled,"[-5, 5]",5.0,1,wp,WP,0.4223239105194807,0.08164803590625525,0.0003762442538572941,0.225,8
2,scaled,"[-5, 5]",5.0,120,np,IS-NP,0.6963698640465736,0.0055795629741624,4.219064658173011e-05,0.15,8
2,scaled,"[-5, 5]",5.0,120,np_fan_in,Fan-in NP,0.5185292735695839,0.046501399017870426,0.00019675637668115087,0.1,8
2,scaled,"[-5, 5]",5.0,120,np_fixed,Vanilla NP,0.5195829970762134,0.04622821556404233,0.00018963967067975318,0.3,8
2,scaled,"[-5, 5]",5.0,120,wp,WP,0.3757036663591862,0.05677913362160325,0.0002980082881549606,0.225,8
2,scaled,"[-5, 5]",5.0,240,np,IS-NP,0.8663558885455132,0.005692679202184081,4.8867037548916414e-05,0.15,8
2,scaled,"[-5, 5]",5.0,240,np_fan_in,Fan-in NP,0.6885067224502563,0.04232647130265832,0.000171389077877393,0.1,8
2,scaled,"[-5, 5]",5.0,240,np_fixed,Vanilla NP,0.6957995072007179,0.04203216824680567,0.00017426964859623695,0.3,8
2,scaled,"[-5, 5]",5.0,240,wp,WP,0.5512240370735526,0.06371807213872671,0.00036433040077099577,0.225,8
3,base,"[-1, 1]",1.0,1,np,IS-NP,0.8014763221144676,0.009618761716410518,4.332012599661539e-05,0.15,8
3,base,"[-1, 1]",1.0,1,np_fan_in,Fan-in NP,0.8167860638350248,0.010055607242975384,4.164087772551284e-05,0.1,8
3,base,"[-1, 1]",1.0,1,np_fixed,Vanilla NP,0.8179760724306107,0.009900139702949673,4.821982793146162e-05,0.3,8
3,base,"[-1, 1]",1.0,1,wp,WP,0.6117241084575653,0.07008296065032482,0.0003225356376788113,0.225,8
3,base,"[-1, 1]",1.0,120,np,IS-NP,0.9124184772372246,0.005174536578124389,2.9114699600540916e-05,0.15,8
3,base,"[-1, 1]",1.0,120,np_fan_in,Fan-in NP,0.9317076802253723,0.006029173848219216,3.6255696386433556e-05,0.1,8
3,base,"[-1, 1]",1.0,120,np_fixed,Vanilla NP,0.9325825795531273,0.005991624144371599,3.121846202702727e-05,0.3,8
3,base,"[-1, 1]",1.0,120,wp,WP,0.6349128186702728,0.048649244010448456,0.00025315439052064903,0.225,8
3,base,"[-1, 1]",1.0,240,np,IS-NP,0.849010057747364,0.004720784840174019,2.8965666842850624e-05,0.15,8
3,base,"[-1, 1]",1.0,240,np_fan_in,Fan-in NP,0.8167630061507225,0.005725745751988143,3.831145090771315e-05,0.1,8
3,base,"[-1, 1]",1.0,240,np_fixed,Vanilla NP,0.7738268841058016,0.005643452110234648,4.197646035208891e-05,0.3,8
3,base,"[-1, 1]",1.0,240,wp,WP,0.4623975586146116,0.04800213687121868,0.00025880412431433797,0.225,8
3,scaled,"[-5, 5]",5.0,1,np,IS-NP,0.8644122704863548,0.00997233937960118,4.580077120408532e-05,0.15,8
3,scaled,"[-5, 5]",5.0,1,np_fan_in,Fan-in NP,0.5755737256258726,0.09794903732836246,0.0004097597520740237,0.1,8
3,scaled,"[-5, 5]",5.0,1,np_fixed,Vanilla NP,0.5445599630475044,0.09620353765785694,0.00043526826266315766,0.3,8
3,scaled,"[-5, 5]",5.0,1,wp,WP,0.6414529904723167,0.07237800536677241,0.00032957269650069065,0.225,8
3,scaled,"[-5, 5]",5.0,120,np,IS-NP,0.8859094530344009,0.004543216491583735,3.307084443804342e-05,0.15,8
3,scaled,"[-5, 5]",5.0,120,np_fan_in,Fan-in NP,0.6272536627948284,0.04582651238888502,0.00021358594131015707,0.1,8
3,scaled,"[-5, 5]",5.0,120,np_fixed,Vanilla NP,0.6587553285062313,0.045452188700437546,0.0001820994912122842,0.3,8
3,scaled,"[-5, 5]",5.0,120,wp,WP,0.5179615095257759,0.04456479428336024,0.0002490727147232974,0.225,8
3,scaled,"[-5, 5]",5.0,240,np,IS-NP,0.7506574969738722,0.004392495844513178,3.2803277235871064e-05,0.15,8
3,scaled,"[-5, 5]",5.0,240,np_fan_in,Fan-in NP,0.5348263867199421,0.040931894443929195,0.00017586308513273252,0.1,8
3,scaled,"[-5, 5]",5.0,240,np_fixed,Vanilla NP,0.5200183279812336,0.04066931502893567,0.00016557829894736642,0.3,8
3,scaled,"[-5, 5]",5.0,240,wp,WP,0.39174487022683024,0.04717041365802288,0.0002648617282829946,0.225,8
4,base,"[-1, 1]",1.0,1,np,IS-NP,0.8071899451315403,0.009682299918495119,4.9518602281750645e-05,0.15,8
4,base,"[-1, 1]",1.0,1,np_fan_in,Fan-in NP,0.7826921343803406,0.009234526194632053,3.6567799952536006e-05,0.1,8
4,base,"[-1, 1]",1.0,1,np_fixed,Vanilla NP,0.7746853120625019,0.009241075778845698,3.795521502070187e-05,0.3,8
4,base,"[-1, 1]",1.0,1,wp,WP,0.5354224666953087,0.07330405060201883,0.0003396396423340775,0.225,8
4,base,"[-1, 1]",1.0,120,np,IS-NP,0.7823569662868977,0.005594764370471239,2.748793326645682e-05,0.15,8
4,base,"[-1, 1]",1.0,120,np_fan_in,Fan-in NP,0.7680448368191719,0.005662278737872839,2.7814167879114393e-05,0.1,8
4,base,"[-1, 1]",1.0,120,np_fixed,Vanilla NP,0.6743532307446003,0.005618128168862313,3.0942589773985674e-05,0.3,8
4,base,"[-1, 1]",1.0,120,wp,WP,0.42571285320445895,0.05530686117708683,0.00026088130289281253,0.225,8
4,base,"[-1, 1]",1.0,240,np,IS-NP,0.7611339464783669,0.005218003992922604,3.151046530547319e-05,0.15,8
4,base,"[-1, 1]",1.0,240,np_fan_in,Fan-in NP,0.7869111783802509,0.005712667072657496,2.2700413524034957e-05,0.1,8
4,base,"[-1, 1]",1.0,240,np_fixed,Vanilla NP,0.7936331406235695,0.005763032473623753,2.8386497433530167e-05,0.3,8
4,base,"[-1, 1]",1.0,240,wp,WP,0.5054610930383205,0.053352342918515205,0.00026384676675661467,0.225,8
4,scaled,"[-5, 5]",5.0,1,np,IS-NP,0.8157572112977505,0.009499854117166251,5.0006630317511735e-05,0.15,8
4,scaled,"[-5, 5]",5.0,1,np_fan_in,Fan-in NP,0.5304016452282667,0.08140391763299704,0.0003257472490076907,0.1,8
4,scaled,"[-5, 5]",5.0,1,np_fixed,Vanilla NP,0.5347448922693729,0.08236198592931032,0.00032695243680791464,0.3,8
4,scaled,"[-5, 5]",5.0,1,wp,WP,0.524016821756959,0.07286634296178818,0.000343617928592721,0.225,8
4,scaled,"[-5, 5]",5.0,120,np,IS-NP,0.7695972844958305,0.005459378066007048,3.116597144980915e-05,0.15,8
4,scaled,"[-5, 5]",5.0,120,np_fan_in,Fan-in NP,0.5226116832345724,0.042102192994207144,0.00018784480016620364,0.1,8
4,scaled,"[-5, 5]",5.0,120,np_fixed,Vanilla NP,0.5767691656947136,0.04210315411910415,0.00017251705412490992,0.3,8
4,scaled,"[-5, 5]",5.0,120,wp,WP,0.3748454824090004,0.05728157749399543,0.00029240578987810295,0.225,8
4,scaled,"[-5, 5]",5.0,240,np,IS-NP,0.7806941121816635,0.00557647633831948,3.887329830831732e-05,0.15,8
4,scaled,"[-5, 5]",5.0,240,np_fan_in,Fan-in NP,0.5611503906548023,0.04132224526256323,0.00015734692806290695,0.1,8
4,scaled,"[-5, 5]",5.0,240,np_fixed,Vanilla NP,0.5854671485722065,0.04164316272363067,0.0001785439653758658,0.3,8
4,scaled,"[-5, 5]",5.0,240,wp,WP,0.42528690677136183,0.060372736770659685,0.00031929012402542867,0.225,8
5,base,"[-1, 1]",1.0,1,np,IS-NP,0.7575007788836956,0.010695518634747714,5.0749986485243426e-05,0.15,8
5,base,"[-1, 1]",1.0,1,np_fan_in,Fan-in NP,0.730856042355299,0.01108229608507827,5.184006022318499e-05,0.1,8
5,base,"[-1, 1]",1.0,1,np_fixed,Vanilla NP,0.6901028957217932,0.010830204235389829,5.081620702185319e-05,0.3,8
5,base,"[-1, 1]",1.0,1,wp,WP,0.3740995447151363,0.07420917600393295,0.00031809504616830964,0.225,8
5,base,"[-1, 1]",1.0,120,np,IS-NP,0.7367951702326536,0.008541151881217957,4.3005112047467264e-05,0.15,8
5,base,"[-1, 1]",1.0,120,np_fan_in,Fan-in NP,0.7463751547038555,0.00891699077328667,3.63255512638716e-05,0.1,8
5,base,"[-1, 1]",1.0,120,np_fixed,Vanilla NP,0.7733362205326557,0.009062754397746176,3.532124060257047e-05,0.3,8
5,base,"[-1, 1]",1.0,120,wp,WP,0.45577373169362545,0.06406925898045301,0.0002924055988842156,0.225,8
5,base,"[-1, 1]",1.0,240,np,IS-NP,0.7050199676305056,0.004916968347970396,2.4537935360058327e-05,0.15,8
5,base,"[-1, 1]",1.0,240,np_fan_in,Fan-in NP,0.5936050526797771,0.00593820953508839,2.7388725357013755e-05,0.1,8
5,base,"[-1, 1]",1.0,240,np_fixed,Vanilla NP,0.6318245902657509,0.005971151927951723,2.6903848265646957e-05,0.3,8
5,base,"[-1, 1]",1.0,240,wp,WP,0.30570607213303447,0.051293994300067425,0.00025207259932358284,0.225,8
5,scaled,"[-5, 5]",5.0,1,np,IS-NP,0.749012753367424,0.010977510013617575,5.344247279026604e-05,0.15,8
5,scaled,"[-5, 5]",5.0,1,np_fan_in,Fan-in NP,0.4448431897908449,0.10427496023476124,0.0004663208565034438,0.1,8
5,scaled,"[-5, 5]",5.0,1,np_fixed,Vanilla NP,0.4220898933708668,0.10457588266581297,0.0004750211155624129,0.3,8
5,scaled,"[-5, 5]",5.0,1,wp,WP,0.4024319313466549,0.07591228513047099,0.0003278631738794502,0.225,8
5,scaled,"[-5, 5]",5.0,120,np,IS-NP,0.6904126554727554,0.0048333751037716866,3.546894276951207e-05,0.15,8
5,scaled,"[-5, 5]",5.0,120,np_fan_in,Fan-in NP,0.41873621195554733,0.041751555167138577,0.00016202170263568405,0.1,8
5,scaled,"[-5, 5]",5.0,120,np_fixed,Vanilla NP,0.37212343886494637,0.0430981176905334,0.0001930943590195966,0.3,8
5,scaled,"[-5, 5]",5.0,120,wp,WP,0.33925542794167995,0.050150854513049126,0.00025427939544897527,0.225,8
5,scaled,"[-5, 5]",5.0,240,np,IS-NP,0.6586236506700516,0.004971836810000241,3.8794338252046145e-05,0.15,8
5,scaled,"[-5, 5]",5.0,240,np_fan_in,Fan-in NP,0.41194070503115654,0.03857405250892043,0.00016998320643324405,0.1,8
5,scaled,"[-5, 5]",5.0,240,np_fixed,Vanilla NP,0.42231304198503494,0.039419079665094614,0.00017056845899787731,0.3,8
5,scaled,"[-5, 5]",5.0,240,wp,WP,0.18270661681890488,0.05835525318980217,0.0003449017822276801,0.225,8
6,base,"[-1, 1]",1.0,1,np,IS-NP,0.7044678088277578,0.014198008575476706,7.377792871920974e-05,0.15,8
6,base,"[-1, 1]",1.0,1,np_fan_in,Fan-in NP,0.7844143118709326,0.01281979854684323,4.6737720140299643e-05,0.1,8
6,base,"[-1, 1]",1.0,1,np_fixed,Vanilla NP,0.7543138461187482,0.013102369906846434,5.8647528931032866e-05,0.3,8
6,base,"[-1, 1]",1.0,1,wp,WP,0.556602394208312,0.09690579771995544,0.00043749110409407876,0.225,8
6,base,"[-1, 1]",1.0,120,np,IS-NP,0.7927591353654861,0.005952269450062886,3.400508762751997e-05,0.15,8
6,base,"[-1, 1]",1.0,120,np_fan_in,Fan-in NP,0.8281088173389435,0.006595073908101767,2.965012254207977e-05,0.1,8
6,base,"[-1, 1]",1.0,120,np_fixed,Vanilla NP,0.8204587921500206,0.0063598520355299115,3.559853439583094e-05,0.3,8
6,base,"[-1, 1]",1.0,120,wp,WP,0.49980117892846465,0.05865223566070199,0.0002947722805402009,0.225,8
6,base,"[-1, 1]",1.0,240,np,IS-NP,0.8387223407626152,0.00588052679086104,2.7751839525080868e-05,0.15,8
6,base,"[-1, 1]",1.0,240,np_fan_in,Fan-in NP,0.85420211404562,0.006361718813423067,2.7922064191443496e-05,0.1,8
6,base,"[-1, 1]",1.0,240,np_fixed,Vanilla NP,0.8137456886470318,0.006569583434611559,3.4740636010610615e-05,0.3,8
6,base,"[-1, 1]",1.0,240,wp,WP,0.551694848574698,0.057958679273724556,0.00028852651848865207,0.225,8
6,scaled,"[-5, 5]",5.0,1,np,IS-NP,0.7656631991267204,0.014173710136674345,7.313414380405447e-05,0.15,8
6,scaled,"[-5, 5]",5.0,1,np_fan_in,Fan-in NP,0.5574936233460903,0.11897996626794338,0.0004527411874732934,0.1,8
6,scaled,"[-5, 5]",5.0,1,np_fixed,Vanilla NP,0.5252489168196917,0.12046567443758249,0.0005435778475657571,0.3,8
6,scaled,"[-5, 5]",5.0,1,wp,WP,0.5561029594391584,0.09755521267652512,0.0004424763046699809,0.225,8
6,scaled,"[-5, 5]",5.0,120,np,IS-NP,0.8071314543485641,0.006231528532225639,4.592391405822127e-05,0.15,8
6,scaled,"[-5, 5]",5.0,120,np_fan_in,Fan-in NP,0.5754286758601665,0.04903197521343827,0.0001915000430017244,0.1,8
6,scaled,"[-5, 5]",5.0,120,np_fixed,Vanilla NP,0.5946458242833614,0.04791631689295173,0.00021370233480411116,0.3,8
6,scaled,"[-5, 5]",5.0,120,wp,WP,0.459829724393785,0.06573121901601553,0.0003589275474951137,0.225,8
6,scaled,"[-5, 5]",5.0,240,np,IS-NP,0.7161433659493923,0.006762182456441224,5.992362457618583e-05,0.15,8
6,scaled,"[-5, 5]",5.0,240,np_fan_in,Fan-in NP,0.5826653130352497,0.04441058821976185,0.0001860634793047211,0.1,8
6,scaled,"[-5, 5]",5.0,240,np_fixed,Vanilla NP,0.5897369161248207,0.0444646324031055,0.0001802981241780799,0.3,8
6,scaled,"[-5, 5]",5.0,240,wp,WP,0.3633784487028606,0.07565188221633434,0.00045288327237358317,0.225,8
7,base,"[-1, 1]",1.0,1,np,IS-NP,0.6822120901197195,0.010859948873985559,4.6240197434599395e-05,0.15,8
7,base,"[-1, 1]",1.0,1,np_fan_in,Fan-in NP,0.7555405870079994,0.011037437710911036,6.463061163231032e-05,0.1,8
7,base,"[-1, 1]",1.0,1,np_fixed,Vanilla NP,0.7495376206934452,0.011095558002125472,4.7012840695970226e-05,0.3,8
7,base,"[-1, 1]",1.0,1,wp,WP,0.496062695980072,0.07396616088226438,0.00033588693986530416,0.225,8
7,base,"[-1, 1]",1.0,120,np,IS-NP,0.8593085929751396,0.005568445165408775,2.7959190333604056e-05,0.15,8
7,base,"[-1, 1]",1.0,120,np_fan_in,Fan-in NP,0.8265842497348785,0.006624345027375966,2.7863581181009067e-05,0.1,8
7,base,"[-1, 1]",1.0,120,np_fixed,Vanilla NP,0.8173184208571911,0.006396312790457159,2.6684502699936274e-05,0.3,8
7,base,"[-1, 1]",1.0,120,wp,WP,0.4459697799757123,0.05409323237836361,0.000257657615293283,0.225,8
7,base,"[-1, 1]",1.0,240,np,IS-NP,0.7098558433353901,0.0054971412173472345,3.211274133718689e-05,0.15,8
7,base,"[-1, 1]",1.0,240,np_fan_in,Fan-in NP,0.6683888547122478,0.006548019591718912,3.3602341090954724e-05,0.1,8
7,base,"[-1, 1]",1.0,240,np_fixed,Vanilla NP,0.7322864141315222,0.006447002000641078,2.841357240868092e-05,0.3,8
7,base,"[-1, 1]",1.0,240,wp,WP,0.3534567803144455,0.05435960227623582,0.0002686336447368376,0.225,8
7,scaled,"[-5, 5]",5.0,1,np,IS-NP,0.7272328678518534,0.010890526580624282,4.9057819524023216e-05,0.15,8
7,scaled,"[-5, 5]",5.0,1,np_fan_in,Fan-in NP,0.4767562970519066,0.1069350577890873,0.0005032027875131462,0.1,8
7,scaled,"[-5, 5]",5.0,1,np_fixed,Vanilla NP,0.5016085263341665,0.10719902766868472,0.0004253385814081412,0.3,8
7,scaled,"[-5, 5]",5.0,1,wp,WP,0.5105506088584661,0.07512913504615426,0.0003458087157923728,0.225,8
7,scaled,"[-5, 5]",5.0,120,np,IS-NP,0.8527476787567139,0.0059415295254439116,3.720238623827754e-05,0.15,8
7,scaled,"[-5, 5]",5.0,120,np_fan_in,Fan-in NP,0.6133014559745789,0.05660900706425309,0.00022326681755657773,0.1,8
7,scaled,"[-5, 5]",5.0,120,np_fixed,Vanilla NP,0.6052222326397896,0.055444369092583656,0.0002433770932839252,0.3,8
7,scaled,"[-5, 5]",5.0,120,wp,WP,0.44630381651222706,0.05863653915002942,0.00029887536220485345,0.225,8
7,scaled,"[-5, 5]",5.0,240,np,IS-NP,0.7631921395659447,0.006078060425352305,5.225223185334471e-05,0.15,8
7,scaled,"[-5, 5]",5.0,240,np_fan_in,Fan-in NP,0.49872545525431633,0.04969942709431052,0.00023087922909326153,0.1,8
7,scaled,"[-5, 5]",5.0,240,np_fixed,Vanilla NP,0.5276093976572156,0.04962622094899416,0.00019718200201168656,0.3,8
7,scaled,"[-5, 5]",5.0,240,wp,WP,0.42007332295179367,0.06618399173021317,0.0003671019439934753,0.225,8
8,base,"[-1, 1]",1.0,1,np,IS-NP,0.8806295692920685,0.01123602653387934,5.4682293466612464e-05,0.15,8
8,base,"[-1, 1]",1.0,1,np_fan_in,Fan-in NP,0.9234752207994461,0.011353434878401458,4.941278348269407e-05,0.1,8
8,base,"[-1, 1]",1.0,1,np_fixed,Vanilla NP,0.8880188167095184,0.011211064760573208,4.590794787873165e-05,0.3,8
8,base,"[-1, 1]",1.0,1,wp,WP,0.6570208333432674,0.07899459172040224,0.00035081187161267735,0.225,8
8,base,"[-1, 1]",1.0,120,np,IS-NP,0.8371763750910759,0.005321788426954299,2.7121302537125302e-05,0.15,8
8,base,"[-1, 1]",1.0,120,np_fan_in,Fan-in NP,0.7854077368974686,0.006277317006606609,3.133890527351468e-05,0.1,8
8,base,"[-1, 1]",1.0,120,np_fixed,Vanilla NP,0.7595021277666092,0.006349359289743006,3.847951938951155e-05,0.3,8
8,base,"[-1, 1]",1.0,120,wp,WP,0.5660180784761906,0.055132556706666946,0.0002534167651901953,0.225,8
8,base,"[-1, 1]",1.0,240,np,IS-NP,0.7872288450598717,0.005424973496701568,3.319436268611753e-05,0.15,8
8,base,"[-1, 1]",1.0,240,np_fan_in,Fan-in NP,0.8368968516588211,0.006204928969964385,2.726925777096767e-05,0.1,8
8,base,"[-1, 1]",1.0,240,np_fixed,Vanilla NP,0.8124147951602936,0.0063873291364870965,3.3141353696919396e-05,0.3,8
8,base,"[-1, 1]",1.0,240,wp,WP,0.5210236497223377,0.0543922483921051,0.00026686478850024287,0.225,8
8,scaled,"[-5, 5]",5.0,1,np,IS-NP,0.8904521316289902,0.010993650532327592,5.3465396604224225e-05,0.15,8
8,scaled,"[-5, 5]",5.0,1,np_fan_in,Fan-in NP,0.6529702879488468,0.10695954598486423,0.0004625205147021916,0.1,8
8,scaled,"[-5, 5]",5.0,1,np_fixed,Vanilla NP,0.600496843457222,0.10691681876778603,0.0004739874348160811,0.3,8
8,scaled,"[-5, 5]",5.0,1,wp,WP,0.658981915563345,0.0784141393378377,0.0003510342830850277,0.225,8
8,scaled,"[-5, 5]",5.0,120,np,IS-NP,0.8333897516131401,0.0054265239159576595,3.659773506115016e-05,0.15,8
8,scaled,"[-5, 5]",5.0,120,np_fan_in,Fan-in NP,0.5757301617413759,0.04842863557860255,0.00021334391567506827,0.1,8
8,scaled,"[-5, 5]",5.0,120,np_fixed,Vanilla NP,0.5889678336679935,0.04844636656343937,0.00020458779181353748,0.3,8
8,scaled,"[-5, 5]",5.0,120,wp,WP,0.5719908364117146,0.0572127690538764,0.0002722110730246641,0.225,8
8,scaled,"[-5, 5]",5.0,240,np,IS-NP,0.805179163813591,0.006116917822510004,5.4468130656459834e-05,0.15,8
8,scaled,"[-5, 5]",5.0,240,np_fan_in,Fan-in NP,0.672742772847414,0.0423893416300416,0.00017933879917109152,0.1,8
8,scaled,"[-5, 5]",5.0,240,np_fixed,Vanilla NP,0.6617607213556767,0.043057173024863005,0.0002023331071541179,0.3,8
8,scaled,"[-5, 5]",5.0,240,wp,WP,0.5366588700562716,0.07141283759847283,0.00038511045204359107,0.225,8
9,base,"[-1, 1]",1.0,1,np,IS-NP,0.9174181744456291,0.009608548309188336,3.5672926060215104e-05,0.15,8
9,base,"[-1, 1]",1.0,1,np_fan_in,Fan-in NP,0.9226236864924431,0.009278452023863792,3.867502778120979e-05,0.1,8
9,base,"[-1, 1]",1.0,1,np_fixed,Vanilla NP,0.924679659307003,0.00924340373603627,3.85705118333135e-05,0.3,8
9,base,"[-1, 1]",1.0,1,wp,WP,0.6978521794080734,0.06989507609978318,0.0003193272168573458,0.225,8
9,base,"[-1, 1]",1.0,120,np,IS-NP,0.8978858143091202,0.009085938159842044,4.11424891808565e-05,0.15,8
9,base,"[-1, 1]",1.0,120,np_fan_in,Fan-in NP,0.9194475263357162,0.008643045439384878,3.891737014782848e-05,0.1,8
9,base,"[-1, 1]",1.0,120,np_fixed,Vanilla NP,0.8753354474902153,0.00879934529075399,3.7022247170170886e-05,0.3,8
9,base,"[-1, 1]",1.0,120,wp,WP,0.641618512570858,0.06825105659663677,0.0002901325387938414,0.225,8
9,base,"[-1, 1]",1.0,240,np,IS-NP,0.49878888204693794,0.005196292069740593,3.4934843597511644e-05,0.15,8
9,base,"[-1, 1]",1.0,240,np_fan_in,Fan-in NP,0.3809268206823617,0.005716083280276507,4.173619390712702e-05,0.1,8
9,base,"[-1, 1]",1.0,240,np_fixed,Vanilla NP,0.5824379548430443,0.005679001449607313,3.0089397341726e-05,0.3,8
9,base,"[-1, 1]",1.0,240,wp,WP,0.15117145946715027,0.054411540273576975,0.0002761795713013271,0.225,8
9,scaled,"[-5, 5]",5.0,1,np,IS-NP,0.9228802546858788,0.00996723846765235,3.732939103429089e-05,0.15,8
9,scaled,"[-5, 5]",5.0,1,np_fan_in,Fan-in NP,0.6363895647227764,0.09115104656666517,0.00043042326797149144,0.1,8
9,scaled,"[-5, 5]",5.0,1,np_fixed,Vanilla NP,0.6519747860729694,0.09047592245042324,0.00036794106199522503,0.3,8
9,scaled,"[-5, 5]",5.0,1,wp,WP,0.7000676766037941,0.07205956242978573,0.00032734328488004394,0.225,8
9,scaled,"[-5, 5]",5.0,120,np,IS-NP,0.8924283608794212,0.005092443956527859,3.5864473602487124e-05,0.15,8
9,scaled,"[-5, 5]",5.0,120,np_fan_in,Fan-in NP,0.6385354697704315,0.04340515239164233,0.00022249492030823603,0.1,8
9,scaled,"[-5, 5]",5.0,120,np_fixed,Vanilla NP,0.6432361230254173,0.044128390960395336,0.00019866747607011348,0.3,8
9,scaled,"[-5, 5]",5.0,120,wp,WP,0.565880699083209,0.05396282533183694,0.0002643378793436568,0.225,8
9,scaled,"[-5, 5]",5.0,240,np,IS-NP,0.5818088576197624,0.005350245861336589,4.5384363602352096e-05,0.15,8
9,scaled,"[-5, 5]",5.0,240,np_fan_in,Fan-in NP,0.28678478114306927,0.04342428082600236,0.00018409206313663162,0.1,8
9,scaled,"[-5, 5]",5.0,240,np_fixed,Vanilla NP,0.36421533674001694,0.04349063243716955,0.00016301341838698136,0.3,8
9,scaled,"[-5, 5]",5.0,240,wp,WP,0.169661246240139,0.05954603664577007,0.000327739049680531,0.225,8
