seed,condition,condition_label,input_scale,method,method_label,cosine,variance,batch_variance,sigma
0,base,"[-1, 1]",1.0,np,IS-NP,0.692002063326072,0.007494112554316719,3.8295255762932356e-05,0.15
0,base,"[-1, 1]",1.0,np_fan_in,Fan-in NP,0.6479954229046901,0.00794918806059286,3.740448134218847e-05,0.10000000000000002
0,base,"[-1, 1]",1.0,np_fixed,Vanilla NP,0.7004578408474723,0.007947696935540685,3.427877535007914e-05,0.3
0,base,"[-1, 1]",1.0,wp,WP,0.35670414330282557,0.06328351873283584,0.0003000070458559397,0.225
0,scaled,"[-5, 5]",5.0,np,IS-NP,0.7543433556954066,0.007360958319623023,4.620421577783418e-05,0.15
0,scaled,"[-5, 5]",5.0,np_fan_in,Fan-in NP,0.48510740355898935,0.06565069050217669,0.0002733317154100708,0.10000000000000002
0,scaled,"[-5, 5]",5.0,np_fixed,Vanilla NP,0.5178509944429001,0.06595202535390854,0.0002766042768295544,0.3
0,scaled,"[-5, 5]",5.0,wp,WP,0.3989080634588997,0.06605842662975192,0.0003317908182604394,0.225
1,base,"[-1, 1]",1.0,np,IS-NP,0.7903182984640201,0.007768873746196429,4.1935488146312615e-05,0.15
1,base,"[-1, 1]",1.0,np_fan_in,Fan-in NP,0.8005967425803343,0.00772786724458759,3.947420759686793e-05,0.10000000000000002
1,base,"[-1, 1]",1.0,np_fixed,Vanilla NP,0.7894346117973328,0.007711438966604571,4.700690328718338e-05,0.3
1,base,"[-1, 1]",1.0,wp,WP,0.506049046292901,0.06639897854377826,0.00032260591675973654,0.225
1,scaled,"[-5, 5]",5.0,np,IS-NP,0.8149220558504263,0.007411300456927468,4.208253297595851e-05,0.15
1,scaled,"[-5, 5]",5.0,np_fan_in,Fan-in NP,0.5634714712699255,0.06346510474880536,0.0002622907371308732,0.10000000000000002
1,scaled,"[-5, 5]",5.0,np_fixed,Vanilla NP,0.5510378951827685,0.06338771696512897,0.00027107631528148585,0.3
1,scaled,"[-5, 5]",5.0,wp,WP,0.5141800215157369,0.06692176855479677,0.00032637496284830075,0.225
2,base,"[-1, 1]",1.0,np,IS-NP,0.746245488524437,0.007636307971552014,3.804056617203363e-05,0.15
2,base,"[-1, 1]",1.0,np_fan_in,Fan-in NP,0.7781192945937315,0.008205372743153324,3.7544471297223936e-05,0.10000000000000002
2,base,"[-1, 1]",1.0,np_fixed,Vanilla NP,0.7471668279419342,0.008107965074790021,3.6730333249579417e-05,0.3
2,base,"[-1, 1]",1.0,wp,WP,0.4920802738439913,0.0632542568879823,0.0003016720656887628,0.225
2,scaled,"[-5, 5]",5.0,np,IS-NP,0.7598700523376465,0.007692115614190698,4.8242819805939995e-05,0.15
2,scaled,"[-5, 5]",5.0,np_fan_in,Fan-in NP,0.5388843175023794,0.06765286453689139,0.0002903521599364467,0.10000000000000002
2,scaled,"[-5, 5]",5.0,np_fixed,Vanilla NP,0.5289444796120127,0.0674435041534404,0.00027564111223910004,0.3
2,scaled,"[-5, 5]",5.0,wp,WP,0.44975053798407316,0.06738174722219507,0.0003461943142610835,0.225
3,base,"[-1, 1]",1.0,np,IS-NP,0.8543016190330187,0.006504694378236309,3.3800164146668976e-05,0.15
3,base,"[-1, 1]",1.0,np_fan_in,Fan-in NP,0.8550855834037066,0.0072701756143942475,3.873600833988652e-05,0.10000000000000002
3,base,"[-1, 1]",1.0,np_fixed,Vanilla NP,0.8414618453631798,0.007178405319185306,4.047158343685927e-05,0.3
3,base,"[-1, 1]",1.0,wp,WP,0.5696781619141499,0.05557811384399732,0.0002781647175045994,0.225
3,scaled,"[-5, 5]",5.0,np,IS-NP,0.833659740164876,0.006302683905232698,3.7224964292666605e-05,0.15
3,scaled,"[-5, 5]",5.0,np_fan_in,Fan-in NP,0.5792179250468811,0.06156914805372556,0.00026640292617230443,0.10000000000000002
3,scaled,"[-5, 5]",5.0,np_fixed,Vanilla NP,0.5744445398449898,0.060775013795743384,0.00026098201760760276,0.3
3,scaled,"[-5, 5]",5.0,wp,WP,0.5170531234083077,0.054704404436051846,0.00028116904650232755,0.225
4,base,"[-1, 1]",1.0,np,IS-NP,0.7835602859656016,0.006831689427296321,3.617233361789355e-05,0.15
4,base,"[-1, 1]",1.0,np_fan_in,Fan-in NP,0.7792160498599211,0.006869824001720796,2.902746045189512e-05,0.10000000000000002
4,base,"[-1, 1]",1.0,np_fixed,Vanilla NP,0.7475572278102239,0.006874078807110588,3.242810074273924e-05,0.3
4,base,"[-1, 1]",1.0,wp,WP,0.4888654709793627,0.06065441823254029,0.00028812257066116825,0.225
4,scaled,"[-5, 5]",5.0,np,IS-NP,0.7886828693250815,0.006845236173830926,4.001530002521273e-05,0.15
4,scaled,"[-5, 5]",5.0,np_fan_in,Fan-in NP,0.5380545730392138,0.054942785296589136,0.00022364632574560042,0.10000000000000002
4,scaled,"[-5, 5]",5.0,np_fixed,Vanilla NP,0.5656604021787643,0.05536943425734838,0.0002260044854362301,0.3
4,scaled,"[-5, 5]",5.0,wp,WP,0.4413830703124404,0.06350688574214776,0.0003184379474987509,0.225
5,base,"[-1, 1]",1.0,np,IS-NP,0.7331053055822849,0.008051212954645356,3.943101129758967e-05,0.15
5,base,"[-1, 1]",1.0,np_fan_in,Fan-in NP,0.6902787499129772,0.00864583213115111,3.8518112281356785e-05,0.10000000000000002
5,base,"[-1, 1]",1.0,np_fixed,Vanilla NP,0.6984212355067333,0.008621370187029243,3.7680431963356874e-05,0.3
5,base,"[-1, 1]",1.0,wp,WP,0.37852644951393205,0.06319080976148446,0.000287524414792036,0.225
5,scaled,"[-5, 5]",5.0,np,IS-NP,0.6993496865034103,0.006927573975796501,4.256858460394142e-05,0.15
5,scaled,"[-5, 5]",5.0,np_fan_in,Fan-in NP,0.4251733689258496,0.061533522636940084,0.00026610858852412395,0.10000000000000002
5,scaled,"[-5, 5]",5.0,np_fixed,Vanilla NP,0.40550879140694934,0.06236436000714699,0.0002795613111932956,0.3
5,scaled,"[-5, 5]",5.0,wp,WP,0.3081313253690799,0.06147279761110743,0.0003090147838520352,0.225
6,base,"[-1, 1]",1.0,np,IS-NP,0.7786497616519531,0.00867693493880021,4.5178285290603526e-05,0.15
6,base,"[-1, 1]",1.0,np_fan_in,Fan-in NP,0.822241747751832,0.008592197089456022,3.476996895794097e-05,0.10000000000000002
6,base,"[-1, 1]",1.0,np_fixed,Vanilla NP,0.7961727756386002,0.008677268458995968,4.2995566445824807e-05,0.3
6,base,"[-1, 1]",1.0,wp,WP,0.5360328072371582,0.07117223755146067,0.00034026330104097724,0.225
6,scaled,"[-5, 5]",5.0,np,IS-NP,0.7629793398082256,0.009055807041780403,5.966056081282053e-05,0.15
6,scaled,"[-5, 5]",5.0,np_fan_in,Fan-in NP,0.5718625374138355,0.07080750990038116,0.0002767682365932463,0.10000000000000002
6,scaled,"[-5, 5]",5.0,np_fixed,Vanilla NP,0.5698772190759579,0.0709488745778799,0.00031252610218264937,0.3
6,scaled,"[-5, 5]",5.0,wp,WP,0.45977037751193467,0.07964610463629167,0.00041809570817955927,0.225
7,base,"[-1, 1]",1.0,np,IS-NP,0.7504588421434164,0.007308511752247189,3.543737636846345e-05,0.15
7,base,"[-1, 1]",1.0,np_fan_in,Fan-in NP,0.750171230485042,0.008069934110001972,4.203217796809137e-05,0.10000000000000002
7,base,"[-1, 1]",1.0,np_fixed,Vanilla NP,0.7663808185607195,0.007979624264407903,3.403697193486247e-05,0.3
7,base,"[-1, 1]",1.0,wp,WP,0.4318297520900766,0.060806331845621266,0.0002873927332984749,0.225
7,scaled,"[-5, 5]",5.0,np,IS-NP,0.7810575620581707,0.0076367055104735,4.617081253854849e-05,0.15
7,scaled,"[-5, 5]",5.0,np_fan_in,Fan-in NP,0.5295944027602673,0.07108116398255031,0.00031911627805432846,0.10000000000000002
7,scaled,"[-5, 5]",5.0,np_fixed,Vanilla NP,0.5448133855437239,0.07075653923675418,0.000288632558901251,0.3
7,scaled,"[-5, 5]",5.0,wp,WP,0.4589759161074956,0.06664988864213228,0.00033726200733023387,0.225
8,base,"[-1, 1]",1.0,np,IS-NP,0.8350115964810053,0.0073275961525117355,3.8332652896618434e-05,0.15
8,base,"[-1, 1]",1.0,np_fan_in,Fan-in NP,0.8485932697852453,0.007945226951657483,3.6006982175725476e-05,0.10000000000000002
8,base,"[-1, 1]",1.0,np_fixed,Vanilla NP,0.8199785798788071,0.007982584395601103,3.9176273655054196e-05,0.3
8,base,"[-1, 1]",1.0,wp,WP,0.5813541871805986,0.06283979893972476,0.0002903644751010385,0.225
8,scaled,"[-5, 5]",5.0,np,IS-NP,0.8430070156852404,0.007512364090265085,4.817708744061141e-05,0.15
8,scaled,"[-5, 5]",5.0,np_fan_in,Fan-in NP,0.6338144075125456,0.06592584106450279,0.0002850677431827838,0.10000000000000002
8,scaled,"[-5, 5]",5.0,np_fixed,Vanilla NP,0.617075132826964,0.06614011945202947,0.0002936361112612455,0.3
8,scaled,"[-5, 5]",5.0,wp,WP,0.5892105406771103,0.06901324866339564,0.00033611860271776095,0.225
9,base,"[-1, 1]",1.0,np,IS-NP,0.7713642902672291,0.007963592846256992,3.725008627952775e-05,0.15
9,base,"[-1, 1]",1.0,np_fan_in,Fan-in NP,0.740999344503507,0.007879193581175059,3.977619727872176e-05,0.10000000000000002
9,base,"[-1, 1]",1.0,np_fixed,Vanilla NP,0.7941510205467542,0.007907250158799192,3.522738544840346e-05,0.3
9,base,"[-1, 1]",1.0,wp,WP,0.4968807171486939,0.06418589098999898,0.0002952131089841714,0.225
9,scaled,"[-5, 5]",5.0,np,IS-NP,0.7990391577283541,0.0068033094285055995,3.952607607971004e-05,0.15
9,scaled,"[-5, 5]",5.0,np_fan_in,Fan-in NP,0.5205699385454258,0.059326826594769955,0.00027900341713878635,0.10000000000000002
9,scaled,"[-5, 5]",5.0,np_fixed,Vanilla NP,0.5531420819461346,0.059364981949329376,0.00024320731881743995,0.3
9,scaled,"[-5, 5]",5.0,wp,WP,0.4785365406423807,0.06185614146913091,0.00030647340463474393,0.225
